ponto_id,lat,lon
0,-8.055605,-34.951728
3,-8.055605,-34.951728
8,-8.055605,-34.951728
10,-8.055605,-34.951728
12,-8.055605,-34.951728
14,-8.055605,-34.951728
17,-8.055605,-34.951728
19,-8.055605,-34.951728
23,-8.055605,-34.951728
29,-8.055605,-34.951728
30,-8.055605,-34.951728
31,-8.055605,-34.951728
33,-8.055605,-34.951728
36,-8.055605,-34.951728
37,-8.055605,-34.951728
39,-8.055605,-34.951728
41,-8.055605,-34.951728
46,-8.055605,-34.951728
47,-8.055605,-34.951728
48,-8.055605,-34.951728
50,-8.055605,-34.951728
56,-8.055605,-34.951728
58,-8.055605,-34.951728
59,-8.055605,-34.951728
61,-8.055605,-34.951728
65,-8.055605,-34.951728
68,-8.055605,-34.951728
69,-8.055605,-34.951728
70,-8.055605,-34.951728
73,-8.055605,-34.951728
76,-8.055605,-34.951728
79,-8.055605,-34.951728
80,-8.055605,-34.951728
81,-8.055605,-34.951728
87,-8.055605,-34.951728
88,-8.055605,-34.951728
91,-8.055605,-34.951728
92,-8.055605,-34.951728
93,-8.055605,-34.951728
95,-8.055605,-34.951728
96,-8.055605,-34.951728
99,-8.055605,-34.951728
100,-8.055605,-34.951728
101,-8.055605,-34.951728
102,-8.055605,-34.951728
103,-8.055605,-34.951728
104,-8.055605,-34.951728
106,-8.055605,-34.951728
107,-8.055605,-34.951728
108,-8.055605,-34.951728
111,-8.055605,-34.951728
118,-8.055605,-34.951728
119,-8.055605,-34.951728
122,-8.055605,-34.951728
131,-8.055605,-34.951728
132,-8.055605,-34.951728
135,-8.055605,-34.951728
144,-8.055605,-34.951728
149,-8.055605,-34.951728
151,-8.055605,-34.951728
157,-8.055605,-34.951728
164,-8.055605,-34.951728
167,-8.055605,-34.951728
168,-8.055605,-34.951728
169,-8.055605,-34.951728
172,-8.055605,-34.951728
176,-8.055605,-34.951728
177,-8.055605,-34.951728
179,-8.055605,-34.951728
180,-8.055605,-34.951728
181,-8.055605,-34.951728
185,-8.055605,-34.951728
196,-8.055605,-34.951728
199,-8.055605,-34.951728
209,-8.055605,-34.951728
211,-8.055605,-34.951728
212,-8.055605,-34.951728
214,-8.055605,-34.951728
217,-8.055605,-34.951728
218,-8.055605,-34.951728
221,-8.055605,-34.951728
222,-8.055605,-34.951728
229,-8.055605,-34.951728
230,-8.055605,-34.951728
233,-8.055605,-34.951728
239,-8.055605,-34.951728
245,-8.055605,-34.951728
247,-8.055605,-34.951728
248,-8.055605,-34.951728
251,-8.055605,-34.951728
252,-8.055605,-34.951728
257,-8.055605,-34.951728
263,-8.055605,-34.951728
265,-8.055605,-34.951728
267,-8.055605,-34.951728
274,-8.055605,-34.951728
286,-8.055605,-34.951728
288,-8.055605,-34.951728
291,-8.055605,-34.951728
292,-8.055605,-34.951728
300,-8.055605,-34.951728
304,-8.055605,-34.951728
308,-8.055605,-34.951728
311,-8.055605,-34.951728
315,-8.055605,-34.951728
316,-8.055605,-34.951728
318,-8.055605,-34.951728
319,-8.055605,-34.951728
321,-8.055605,-34.951728
323,-8.055605,-34.951728
328,-8.055605,-34.951728
330,-8.055605,-34.951728
332,-8.055605,-34.951728
333,-8.055605,-34.951728
334,-8.055605,-34.951728
335,-8.055605,-34.951728
337,-8.055605,-34.951728
346,-8.055605,-34.951728
349,-8.055605,-34.951728
350,-8.055605,-34.951728
353,-8.055605,-34.951728
354,-8.055605,-34.951728
360,-8.055605,-34.951728
367,-8.055605,-34.951728
379,-8.055605,-34.951728
381,-8.055605,-34.951728
385,-8.055605,-34.951728
388,-8.055605,-34.951728
393,-8.055605,-34.951728
394,-8.055605,-34.951728
400,-8.055605,-34.951728
401,-8.055605,-34.951728
402,-8.055605,-34.951728
408,-8.055605,-34.951728
409,-8.055605,-34.951728
411,-8.055605,-34.951728
415,-8.055605,-34.951728
416,-8.055605,-34.951728
427,-8.055605,-34.951728
429,-8.055605,-34.951728
433,-8.055605,-34.951728
435,-8.055605,-34.951728
439,-8.055605,-34.951728
445,-8.055605,-34.951728
447,-8.055605,-34.951728
449,-8.055605,-34.951728
453,-8.055605,-34.951728
455,-8.055605,-34.951728
457,-8.055605,-34.951728
461,-8.055605,-34.951728
462,-8.055605,-34.951728
465,-8.055605,-34.951728
468,-8.055605,-34.951728
472,-8.055605,-34.951728
473,-8.055605,-34.951728
474,-8.055605,-34.951728
476,-8.055605,-34.951728
477,-8.055605,-34.951728
483,-8.055605,-34.951728
485,-8.055605,-34.951728
486,-8.055605,-34.951728
487,-8.055605,-34.951728
495,-8.055605,-34.951728
496,-8.055605,-34.951728
500,-8.055605,-34.951728
503,-8.055605,-34.951728
509,-8.055605,-34.951728
510,-8.055605,-34.951728
511,-8.055605,-34.951728
513,-8.055605,-34.951728
518,-8.055605,-34.951728
524,-8.055605,-34.951728
528,-8.055605,-34.951728
530,-8.055605,-34.951728
532,-8.055605,-34.951728
533,-8.055605,-34.951728
538,-8.055605,-34.951728
540,-8.055605,-34.951728
543,-8.055605,-34.951728
544,-8.055605,-34.951728
550,-8.055605,-34.951728
551,-8.055605,-34.951728
554,-8.055605,-34.951728
555,-8.055605,-34.951728
563,-8.055605,-34.951728
564,-8.055605,-34.951728
567,-8.055605,-34.951728
568,-8.055605,-34.951728
576,-8.055605,-34.951728
577,-8.055605,-34.951728
582,-8.055605,-34.951728
586,-8.055605,-34.951728
590,-8.055605,-34.951728
591,-8.055605,-34.951728
592,-8.055605,-34.951728
594,-8.055605,-34.951728
601,-8.055605,-34.951728
603,-8.055605,-34.951728
604,-8.055605,-34.951728
605,-8.055605,-34.951728
611,-8.055605,-34.951728
613,-8.055605,-34.951728
617,-8.055605,-34.951728
618,-8.055605,-34.951728
620,-8.055605,-34.951728
623,-8.055605,-34.951728
624,-8.055605,-34.951728
625,-8.055605,-34.951728
633,-8.055605,-34.951728
637,-8.055605,-34.951728
641,-8.055605,-34.951728
642,-8.055605,-34.951728
647,-8.055605,-34.951728
653,-8.055605,-34.951728
654,-8.055605,-34.951728
655,-8.055605,-34.951728
664,-8.055605,-34.951728
665,-8.055605,-34.951728
668,-8.055605,-34.951728
673,-8.055605,-34.951728
675,-8.055605,-34.951728
676,-8.055605,-34.951728
678,-8.055605,-34.951728
682,-8.055605,-34.951728
683,-8.055605,-34.951728
693,-8.055605,-34.951728
694,-8.055605,-34.951728
696,-8.055605,-34.951728
700,-8.055605,-34.951728
706,-8.055605,-34.951728
708,-8.055605,-34.951728
710,-8.055605,-34.951728
711,-8.055605,-34.951728
712,-8.055605,-34.951728
713,-8.055605,-34.951728
715,-8.055605,-34.951728
718,-8.055605,-34.951728
724,-8.055605,-34.951728
730,-8.055605,-34.951728
733,-8.055605,-34.951728
736,-8.055605,-34.951728
737,-8.055605,-34.951728
738,-8.055605,-34.951728
740,-8.055605,-34.951728
742,-8.055605,-34.951728
743,-8.055605,-34.951728
744,-8.055605,-34.951728
745,-8.055605,-34.951728
747,-8.055605,-34.951728
748,-8.055605,-34.951728
749,-8.055605,-34.951728
751,-8.055605,-34.951728
753,-8.055605,-34.951728
758,-8.055605,-34.951728
759,-8.055605,-34.951728
761,-8.055605,-34.951728
763,-8.055605,-34.951728
764,-8.055605,-34.951728
765,-8.055605,-34.951728
766,-8.055605,-34.951728
773,-8.055605,-34.951728
774,-8.055605,-34.951728
782,-8.055605,-34.951728
786,-8.055605,-34.951728
789,-8.055605,-34.951728
794,-8.055605,-34.951728
795,-8.055605,-34.951728
799,-8.055605,-34.951728
800,-8.055605,-34.951728
809,-8.055605,-34.951728
810,-8.055605,-34.951728
811,-8.05538,-34.951736
815,-8.05538,-34.951736
828,-8.05538,-34.951736
831,-8.05538,-34.951736
833,-8.05538,-34.951736
834,-8.05538,-34.951736
835,-8.05538,-34.951736
837,-8.05538,-34.951736
841,-8.05538,-34.951736
852,-8.05538,-34.951736
856,-8.05538,-34.951736
858,-8.05538,-34.951736
862,-8.05538,-34.951736
866,-8.05538,-34.951736
868,-8.05538,-34.951736
871,-8.05538,-34.951736
872,-8.05538,-34.951736
877,-8.05538,-34.951736
879,-8.05538,-34.951736
881,-8.05538,-34.951736
883,-8.05538,-34.951736
906,-8.05538,-34.951736
908,-8.05538,-34.951736
914,-8.05538,-34.951736
921,-8.05538,-34.951736
927,-8.05538,-34.951736
932,-8.05538,-34.951736
934,-8.05538,-34.951736
940,-8.05538,-34.951736
947,-8.05538,-34.951736
952,-8.05538,-34.951736
957,-8.05538,-34.951736
958,-8.05538,-34.951736
960,-8.05538,-34.951736
964,-8.05538,-34.951736
965,-8.05538,-34.951736
967,-8.05538,-34.951736
970,-8.05538,-34.951736
971,-8.05538,-34.951736
982,-8.05538,-34.951736
994,-8.05538,-34.951736
996,-8.05538,-34.951736
997,-8.05538,-34.951736
1002,-8.05538,-34.951736
1005,-8.05538,-34.951736
1009,-8.05538,-34.951736
1010,-8.05538,-34.951736
1017,-8.05538,-34.951736
1018,-8.05538,-34.951736
1020,-8.05538,-34.951736
1022,-8.05538,-34.951736
1025,-8.05538,-34.951736
1027,-8.05538,-34.951736
1034,-8.05538,-34.951736
1038,-8.05538,-34.951736
1042,-8.05538,-34.951736
1044,-8.05538,-34.951736
1046,-8.05538,-34.951736
1052,-8.05538,-34.951736
1053,-8.05538,-34.951736
1055,-8.05538,-34.951736
1056,-8.05538,-34.951736
1057,-8.05538,-34.951736
1061,-8.05538,-34.951736
1068,-8.05538,-34.951736
1071,-8.05538,-34.951736
1074,-8.05538,-34.951736
1075,-8.05538,-34.951736
1076,-8.05538,-34.951736
1078,-8.05538,-34.951736
1084,-8.05538,-34.951736
1087,-8.05538,-34.951736
1090,-8.05538,-34.951736
1095,-8.05538,-34.951736
1101,-8.05538,-34.951736
1103,-8.05538,-34.951736
1107,-8.05538,-34.951736
1108,-8.05538,-34.951736
1111,-8.05538,-34.951736
1112,-8.05538,-34.951736
1115,-8.05538,-34.951736
1123,-8.05538,-34.951736
1126,-8.05538,-34.951736
1127,-8.05538,-34.951736
1139,-8.05538,-34.951736
1142,-8.05538,-34.951736
1144,-8.05538,-34.951736
1145,-8.05538,-34.951736
1147,-8.05538,-34.951736
1149,-8.05538,-34.951736
1152,-8.05538,-34.951736
1153,-8.05538,-34.951736
1155,-8.05538,-34.951736
1156,-8.05538,-34.951736
1157,-8.05538,-34.951736
1162,-8.05538,-34.951736
1163,-8.05538,-34.951736
1166,-8.05538,-34.951736
1168,-8.05538,-34.951736
1172,-8.05538,-34.951736
1175,-8.05538,-34.951736
1176,-8.05538,-34.951736
1180,-8.05538,-34.951736
1183,-8.05538,-34.951736
1188,-8.05538,-34.951736
1193,-8.05538,-34.951736
1194,-8.05538,-34.951736
1195,-8.05538,-34.951736
1197,-8.05538,-34.951736
1199,-8.05538,-34.951736
1201,-8.05538,-34.951736
1204,-8.05538,-34.951736
1210,-8.05538,-34.951736
1217,-8.05538,-34.951736
1219,-8.05538,-34.951736
1220,-8.05538,-34.951736
1222,-8.05538,-34.951736
1224,-8.05538,-34.951736
1226,-8.05538,-34.951736
1233,-8.05538,-34.951736
1244,-8.05538,-34.951736
1245,-8.05538,-34.951736
1247,-8.05538,-34.951736
1250,-8.05538,-34.951736
1253,-8.05538,-34.951736
1254,-8.05538,-34.951736
1261,-8.05538,-34.951736
1263,-8.05538,-34.951736
1277,-8.05538,-34.951736
1278,-8.05538,-34.951736
1281,-8.05538,-34.951736
1282,-8.05538,-34.951736
1285,-8.05538,-34.951736
1287,-8.05538,-34.951736
1295,-8.05538,-34.951736
1297,-8.05538,-34.951736
1298,-8.05538,-34.951736
1310,-8.05538,-34.951736
1313,-8.05538,-34.951736
1314,-8.05538,-34.951736
1315,-8.05538,-34.951736
1318,-8.05538,-34.951736
1320,-8.05538,-34.951736
1322,-8.05538,-34.951736
1323,-8.05538,-34.951736
1328,-8.05538,-34.951736
1329,-8.05538,-34.951736
1330,-8.05538,-34.951736
1334,-8.05538,-34.951736
1339,-8.05538,-34.951736
1345,-8.05538,-34.951736
1346,-8.05538,-34.951736
1349,-8.05538,-34.951736
1354,-8.05538,-34.951736
1355,-8.05538,-34.951736
1359,-8.05538,-34.951736
1360,-8.05538,-34.951736
1369,-8.05538,-34.951736
1372,-8.05538,-34.951736
1373,-8.05538,-34.951736
1374,-8.05538,-34.951736
1379,-8.05538,-34.951736
1383,-8.05538,-34.951736
1385,-8.05538,-34.951736
1393,-8.05538,-34.951736
1396,-8.05538,-34.951736
1400,-8.05538,-34.951736
1402,-8.05538,-34.951736
1405,-8.05538,-34.951736
1406,-8.05538,-34.951736
1413,-8.05538,-34.951736
1414,-8.05538,-34.951736
1416,-8.05538,-34.951736
1417,-8.05538,-34.951736
1418,-8.05538,-34.951736
1420,-8.05538,-34.951736
1421,-8.05538,-34.951736
1426,-8.05538,-34.951736
1427,-8.05538,-34.951736
1429,-8.05538,-34.951736
1430,-8.05538,-34.951736
1432,-8.05538,-34.951736
1437,-8.05538,-34.951736
1438,-8.05538,-34.951736
1443,-8.05538,-34.951736
1446,-8.05538,-34.951736
1452,-8.05538,-34.951736
1453,-8.05538,-34.951736
1456,-8.05538,-34.951736
1458,-8.05538,-34.951736
1465,-8.05538,-34.951736
1467,-8.05538,-34.951736
1468,-8.05538,-34.951736
1470,-8.05538,-34.951736
1472,-8.05538,-34.951736
1477,-8.05538,-34.951736
1479,-8.05538,-34.951736
1480,-8.05538,-34.951736
1482,-8.05538,-34.951736
1483,-8.05538,-34.951736
1488,-8.05538,-34.951736
1491,-8.05538,-34.951736
1496,-8.05538,-34.951736
1501,-8.05538,-34.951736
1502,-8.05538,-34.951736
1509,-8.05538,-34.951736
1512,-8.05538,-34.951736
1513,-8.05538,-34.951736
1516,-8.05538,-34.951736
1527,-8.05538,-34.951736
1530,-8.05538,-34.951736
1532,-8.05538,-34.951736
1533,-8.05538,-34.951736
1535,-8.05538,-34.951736
1536,-8.05538,-34.951736
1543,-8.05538,-34.951736
1544,-8.05538,-34.951736
1545,-8.05538,-34.951736
1550,-8.05538,-34.951736
1557,-8.05538,-34.951736
1558,-8.05538,-34.951736
1559,-8.05538,-34.951736
1561,-8.05538,-34.951736
1562,-8.05538,-34.951736
1568,-8.05538,-34.951736
1569,-8.05538,-34.951736
1570,-8.05538,-34.951736
1575,-8.05538,-34.951736
1576,-8.05538,-34.951736
1578,-8.05538,-34.951736
1586,-8.05538,-34.951736
1593,-8.05538,-34.951736
1595,-8.05538,-34.951736
1597,-8.05538,-34.951736
1598,-8.05538,-34.951736
1599,-8.05538,-34.951736
1603,-8.05538,-34.951736
1606,-8.05538,-34.951736
1608,-8.05538,-34.951736
1614,-8.055494,-34.951316
1615,-8.055494,-34.951316
1616,-8.055494,-34.951316
1617,-8.055494,-34.951316
1618,-8.055494,-34.951316
1623,-8.055494,-34.951316
1626,-8.055494,-34.951316
1631,-8.055494,-34.951316
1642,-8.055494,-34.951316
1643,-8.055494,-34.951316
1649,-8.055494,-34.951316
1650,-8.055494,-34.951316
1656,-8.055494,-34.951316
1659,-8.055494,-34.951316
1662,-8.055494,-34.951316
1665,-8.055494,-34.951316
1670,-8.055494,-34.951316
1671,-8.055494,-34.951316
1672,-8.055494,-34.951316
1680,-8.055494,-34.951316
1683,-8.055494,-34.951316
1684,-8.055494,-34.951316
1688,-8.055494,-34.951316
1691,-8.055494,-34.951316
1699,-8.055494,-34.951316
1701,-8.055494,-34.951316
1713,-8.055494,-34.951316
1718,-8.055494,-34.951316
1720,-8.055494,-34.951316
1721,-8.055494,-34.951316
1726,-8.055494,-34.951316
1728,-8.055494,-34.951316
1729,-8.055494,-34.951316
1730,-8.055494,-34.951316
1731,-8.055494,-34.951316
1732,-8.055494,-34.951316
1737,-8.055494,-34.951316
1738,-8.055494,-34.951316
1739,-8.055494,-34.951316
1740,-8.055494,-34.951316
1741,-8.055494,-34.951316
1743,-8.055494,-34.951316
1744,-8.055494,-34.951316
1745,-8.055494,-34.951316
1746,-8.055494,-34.951316
1747,-8.055494,-34.951316
1758,-8.055494,-34.951316
1760,-8.055494,-34.951316
1765,-8.055494,-34.951316
1768,-8.055494,-34.951316
1770,-8.055494,-34.951316
1775,-8.055494,-34.951316
1777,-8.055494,-34.951316
1780,-8.055494,-34.951316
1783,-8.055494,-34.951316
1785,-8.055494,-34.951316
1790,-8.055494,-34.951316
1791,-8.055494,-34.951316
1793,-8.055494,-34.951316
1794,-8.055494,-34.951316
1803,-8.055494,-34.951316
1805,-8.055494,-34.951316
1807,-8.055494,-34.951316
1817,-8.055494,-34.951316
1825,-8.055494,-34.951316
1832,-8.055494,-34.951316
1833,-8.055494,-34.951316
1835,-8.055494,-34.951316
1839,-8.055494,-34.951316
1840,-8.055494,-34.951316
1844,-8.055494,-34.951316
1851,-8.055494,-34.951316
1860,-8.055494,-34.951316
1862,-8.055494,-34.951316
1864,-8.055494,-34.951316
1877,-8.055494,-34.951316
1880,-8.055494,-34.951316
1888,-8.055494,-34.951316
1891,-8.055494,-34.951316
1897,-8.055494,-34.951316
1915,-8.055494,-34.951316
1918,-8.055494,-34.951316
1919,-8.055494,-34.951316
1921,-8.055494,-34.951316
1922,-8.055494,-34.951316
1928,-8.055494,-34.951316
1934,-8.055494,-34.951316
1937,-8.055494,-34.951316
1941,-8.055494,-34.951316
1945,-8.055494,-34.951316
1952,-8.055494,-34.951316
1954,-8.055494,-34.951316
1957,-8.055494,-34.951316
1962,-8.055494,-34.951316
1963,-8.055494,-34.951316
1965,-8.055494,-34.951316
1971,-8.055494,-34.951316
1978,-8.055494,-34.951316
1981,-8.055494,-34.951316
1982,-8.055494,-34.951316
1989,-8.055494,-34.951316
1992,-8.055494,-34.951316
1995,-8.055494,-34.951316
2002,-8.055494,-34.951316
2004,-8.055494,-34.951316
2006,-8.055494,-34.951316
2008,-8.055494,-34.951316
2012,-8.055494,-34.951316
2013,-8.055494,-34.951316
2018,-8.055494,-34.951316
2022,-8.055494,-34.951316
2025,-8.055494,-34.951316
2029,-8.055494,-34.951316
2034,-8.055494,-34.951316
2036,-8.055494,-34.951316
2045,-8.055494,-34.951316
2055,-8.055494,-34.951316
2057,-8.055494,-34.951316
2058,-8.055494,-34.951316
2063,-8.055494,-34.951316
2067,-8.055494,-34.951316
2072,-8.055494,-34.951316
2075,-8.055494,-34.951316
2083,-8.055494,-34.951316
2084,-8.055494,-34.951316
2087,-8.055494,-34.951316
2088,-8.055494,-34.951316
2089,-8.055494,-34.951316
2094,-8.055494,-34.951316
2098,-8.055494,-34.951316
2107,-8.055494,-34.951316
2108,-8.055494,-34.951316
2109,-8.055494,-34.951316
2110,-8.055494,-34.951316
2111,-8.055494,-34.951316
2114,-8.055494,-34.951316
2115,-8.055494,-34.951316
2121,-8.055494,-34.951316
2122,-8.055494,-34.951316
2124,-8.055494,-34.951316
2127,-8.055494,-34.951316
2128,-8.055494,-34.951316
2129,-8.055494,-34.951316
2131,-8.055494,-34.951316
2132,-8.055494,-34.951316
2133,-8.055494,-34.951316
2134,-8.055494,-34.951316
2138,-8.055494,-34.951316
2142,-8.055494,-34.951316
2145,-8.055494,-34.951316
2149,-8.055494,-34.951316
2150,-8.055494,-34.951316
2152,-8.055494,-34.951316
2154,-8.055494,-34.951316
2157,-8.055494,-34.951316
2164,-8.055494,-34.951316
2165,-8.055494,-34.951316
2166,-8.055494,-34.951316
2167,-8.055494,-34.951316
2168,-8.055494,-34.951316
2175,-8.055494,-34.951316
2177,-8.055494,-34.951316
2183,-8.055494,-34.951316
2189,-8.055494,-34.951316
2191,-8.055494,-34.951316
2199,-8.055494,-34.951316
2210,-8.055494,-34.951316
2213,-8.055494,-34.951316
2214,-8.055494,-34.951316
2215,-8.055494,-34.951316
2221,-8.055494,-34.951316
2223,-8.055494,-34.951316
2225,-8.055494,-34.951316
2227,-8.055494,-34.951316
2228,-8.055494,-34.951316
2231,-8.055494,-34.951316
2232,-8.055494,-34.951316
2233,-8.055494,-34.951316
2234,-8.055494,-34.951316
2239,-8.055494,-34.951316
2245,-8.055494,-34.951316
2246,-8.055494,-34.951316
2248,-8.055494,-34.951316
2249,-8.055494,-34.951316
2251,-8.055494,-34.951316
2252,-8.055494,-34.951316
2254,-8.055494,-34.951316
2260,-8.055494,-34.951316
2268,-8.055494,-34.951316
2270,-8.055494,-34.951316
2272,-8.055494,-34.951316
2273,-8.055494,-34.951316
2275,-8.055494,-34.951316
2276,-8.055494,-34.951316
2286,-8.055494,-34.951316
2287,-8.055494,-34.951316
2288,-8.055494,-34.951316
2291,-8.055494,-34.951316
2299,-8.055494,-34.951316
2301,-8.055494,-34.951316
2302,-8.055494,-34.951316
2303,-8.055494,-34.951316
2304,-8.055494,-34.951316
2310,-8.055494,-34.951316
2312,-8.055494,-34.951316
2316,-8.055494,-34.951316
2319,-8.055494,-34.951316
2321,-8.055494,-34.951316
2328,-8.055494,-34.951316
2335,-8.055494,-34.951316
2337,-8.055494,-34.951316
2344,-8.055494,-34.951316
2348,-8.055494,-34.951316
2351,-8.055494,-34.951316
2354,-8.055494,-34.951316
2358,-8.055494,-34.951316
2362,-8.055494,-34.951316
2373,-8.055684,-34.951331
2375,-8.055684,-34.951331
2377,-8.055684,-34.951331
2388,-8.055684,-34.951331
2389,-8.055684,-34.951331
2392,-8.055684,-34.951331
2399,-8.055684,-34.951331
2404,-8.055684,-34.951331
2407,-8.055684,-34.951331
2412,-8.055684,-34.951331
2413,-8.055684,-34.951331
2417,-8.055684,-34.951331
2420,-8.055684,-34.951331
2423,-8.055684,-34.951331
2436,-8.055684,-34.951331
2439,-8.055684,-34.951331
2441,-8.055684,-34.951331
2446,-8.055684,-34.951331
2447,-8.055684,-34.951331
2453,-8.055684,-34.951331
2455,-8.055684,-34.951331
2456,-8.055684,-34.951331
2458,-8.055684,-34.951331
2464,-8.055684,-34.951331
2465,-8.055684,-34.951331
2470,-8.055684,-34.951331
2471,-8.055684,-34.951331
2473,-8.055684,-34.951331
2478,-8.055684,-34.951331
2483,-8.055684,-34.951331
2484,-8.055684,-34.951331
2485,-8.055684,-34.951331
2492,-8.055684,-34.951331
2498,-8.055684,-34.951331
2510,-8.055684,-34.951331
2513,-8.055684,-34.951331
2515,-8.055684,-34.951331
2516,-8.055684,-34.951331
2517,-8.055684,-34.951331
2519,-8.055684,-34.951331
2522,-8.055684,-34.951331
2523,-8.055684,-34.951331
2526,-8.055684,-34.951331
2531,-8.055684,-34.951331
2533,-8.055684,-34.951331
2534,-8.055684,-34.951331
2540,-8.055684,-34.951331
2542,-8.055684,-34.951331
2543,-8.055684,-34.951331
2554,-8.055684,-34.951331
2569,-8.055684,-34.951331
2571,-8.055684,-34.951331
2574,-8.055684,-34.951331
2576,-8.055684,-34.951331
2586,-8.055684,-34.951331
2588,-8.055684,-34.951331
2592,-8.055684,-34.951331
2602,-8.055684,-34.951331
2603,-8.055684,-34.951331
2605,-8.055684,-34.951331
2609,-8.055684,-34.951331
2611,-8.055684,-34.951331
2614,-8.055684,-34.951331
2615,-8.055684,-34.951331
2619,-8.055684,-34.951331
2620,-8.055684,-34.951331
2627,-8.055684,-34.951331
2628,-8.055684,-34.951331
2638,-8.055684,-34.951331
2648,-8.055684,-34.951331
2650,-8.055684,-34.951331
2651,-8.055684,-34.951331
2663,-8.055684,-34.951331
2664,-8.055684,-34.951331
2673,-8.055684,-34.951331
2678,-8.055684,-34.951331
2680,-8.055684,-34.951331
2682,-8.055684,-34.951331
2683,-8.055684,-34.951331
2684,-8.055684,-34.951331
2685,-8.055684,-34.951331
2688,-8.055684,-34.951331
2689,-8.055684,-34.951331
2691,-8.055684,-34.951331
2692,-8.055684,-34.951331
2697,-8.055684,-34.951331
2698,-8.055684,-34.951331
2701,-8.055684,-34.951331
2707,-8.055684,-34.951331
2715,-8.055684,-34.951331
2718,-8.055684,-34.951331
2724,-8.055684,-34.951331
2726,-8.055684,-34.951331
2729,-8.055684,-34.951331
2737,-8.055684,-34.951331
2742,-8.055684,-34.951331
2748,-8.055684,-34.951331
2750,-8.055684,-34.951331
2751,-8.055684,-34.951331
2753,-8.055684,-34.951331
2754,-8.055684,-34.951331
2755,-8.055684,-34.951331
2758,-8.055684,-34.951331
2759,-8.055684,-34.951331
2760,-8.055684,-34.951331
2762,-8.055684,-34.951331
2766,-8.055684,-34.951331
2769,-8.055684,-34.951331
2770,-8.055684,-34.951331
2771,-8.055684,-34.951331
2777,-8.055684,-34.951331
2794,-8.055684,-34.951331
2802,-8.055684,-34.951331
2807,-8.055684,-34.951331
2816,-8.055684,-34.951331
2818,-8.055684,-34.951331
2820,-8.055684,-34.951331
2825,-8.055684,-34.951331
2826,-8.055684,-34.951331
2833,-8.055684,-34.951331
2835,-8.055684,-34.951331
2840,-8.055684,-34.951331
2846,-8.055684,-34.951331
2848,-8.055684,-34.951331
2855,-8.055684,-34.951331
2858,-8.055684,-34.951331
2859,-8.055684,-34.951331
2862,-8.055684,-34.951331
2864,-8.055684,-34.951331
2865,-8.055684,-34.951331
2867,-8.055684,-34.951331
2868,-8.055684,-34.951331
2870,-8.055684,-34.951331
2874,-8.055684,-34.951331
2876,-8.055684,-34.951331
2880,-8.055684,-34.951331
2882,-8.055684,-34.951331
2883,-8.055684,-34.951331
2884,-8.055684,-34.951331
2885,-8.055684,-34.951331
2886,-8.055684,-34.951331
2894,-8.055684,-34.951331
2903,-8.055684,-34.951331
2905,-8.055684,-34.951331
2906,-8.055684,-34.951331
2907,-8.055684,-34.951331
2908,-8.055684,-34.951331
2910,-8.055684,-34.951331
2913,-8.055684,-34.951331
2922,-8.055684,-34.951331
2926,-8.055684,-34.951331
2927,-8.055684,-34.951331
2930,-8.055684,-34.951331
2932,-8.055684,-34.951331
2935,-8.055684,-34.951331
2943,-8.055684,-34.951331
2945,-8.055684,-34.951331
2948,-8.055684,-34.951331
2954,-8.055684,-34.951331
2955,-8.055684,-34.951331
2956,-8.055684,-34.951331
2957,-8.055684,-34.951331
2960,-8.055684,-34.951331
2963,-8.055684,-34.951331
2968,-8.055684,-34.951331
2970,-8.055684,-34.951331
2973,-8.055684,-34.951331
2982,-8.055684,-34.951331
2991,-8.055684,-34.951331
2995,-8.055684,-34.951331
2997,-8.055684,-34.951331
3000,-8.055684,-34.951331
3001,-8.055684,-34.951331
3002,-8.055684,-34.951331
3006,-8.055684,-34.951331
3007,-8.055684,-34.951331
3011,-8.055684,-34.951331
3014,-8.055684,-34.951331
3016,-8.055684,-34.951331
3017,-8.055684,-34.951331
3018,-8.055684,-34.951331
3019,-8.055684,-34.951331
3021,-8.055684,-34.951331
3023,-8.055684,-34.951331
3024,-8.055684,-34.951331
3025,-8.055684,-34.951331
3026,-8.055684,-34.951331
3027,-8.055684,-34.951331
3031,-8.055833999999999,-34.951362
3032,-8.055833999999999,-34.951362
3033,-8.055833999999999,-34.951362
3035,-8.055833999999999,-34.951362
3037,-8.055833999999999,-34.951362
3038,-8.055833999999999,-34.951362
3043,-8.055833999999999,-34.951362
3044,-8.055833999999999,-34.951362
3045,-8.055833999999999,-34.951362
3047,-8.055833999999999,-34.951362
3050,-8.055833999999999,-34.951362
3053,-8.055833999999999,-34.951362
3055,-8.055833999999999,-34.951362
3057,-8.055833999999999,-34.951362
3058,-8.055833999999999,-34.951362
3059,-8.055833999999999,-34.951362
3060,-8.055833999999999,-34.951362
3063,-8.055833999999999,-34.951362
3064,-8.055833999999999,-34.951362
3065,-8.055833999999999,-34.951362
3070,-8.055833999999999,-34.951362
3071,-8.055833999999999,-34.951362
3077,-8.055833999999999,-34.951362
3078,-8.055833999999999,-34.951362
3079,-8.055833999999999,-34.951362
3080,-8.055833999999999,-34.951362
3082,-8.055833999999999,-34.951362
3085,-8.055833999999999,-34.951362
3090,-8.055833999999999,-34.951362
3091,-8.055833999999999,-34.951362
3094,-8.055833999999999,-34.951362
3095,-8.055833999999999,-34.951362
3100,-8.055833999999999,-34.951362
3101,-8.055833999999999,-34.951362
3105,-8.055833999999999,-34.951362
3107,-8.055833999999999,-34.951362
3111,-8.055833999999999,-34.951362
3114,-8.055833999999999,-34.951362
3118,-8.055833999999999,-34.951362
3122,-8.055833999999999,-34.951362
3123,-8.055833999999999,-34.951362
3125,-8.055833999999999,-34.951362
3127,-8.055833999999999,-34.951362
3128,-8.055833999999999,-34.951362
3130,-8.055833999999999,-34.951362
3131,-8.055833999999999,-34.951362
3133,-8.055833999999999,-34.951362
3142,-8.055833999999999,-34.951362
3143,-8.055833999999999,-34.951362
3145,-8.055833999999999,-34.951362
3146,-8.055833999999999,-34.951362
3149,-8.055833999999999,-34.951362
3151,-8.055833999999999,-34.951362
3153,-8.055833999999999,-34.951362
3154,-8.055833999999999,-34.951362
3165,-8.055833999999999,-34.951362
3172,-8.055833999999999,-34.951362
3181,-8.055833999999999,-34.951362
3184,-8.055833999999999,-34.951362
3185,-8.055833999999999,-34.951362
3187,-8.055833999999999,-34.951362
3194,-8.055833999999999,-34.951362
3202,-8.055833999999999,-34.951362
3204,-8.055833999999999,-34.951362
3205,-8.055833999999999,-34.951362
3206,-8.055833999999999,-34.951362
3207,-8.055833999999999,-34.951362
3208,-8.055833999999999,-34.951362
3209,-8.055833999999999,-34.951362
3210,-8.055833999999999,-34.951362
3231,-8.055833999999999,-34.951362
3233,-8.055833999999999,-34.951362
3238,-8.055833999999999,-34.951362
3244,-8.055833999999999,-34.951362
3245,-8.055833999999999,-34.951362
3251,-8.055833999999999,-34.951362
3257,-8.055833999999999,-34.951362
3263,-8.055833999999999,-34.951362
3265,-8.055833999999999,-34.951362
3269,-8.055833999999999,-34.951362
3279,-8.055833999999999,-34.951362
3281,-8.055833999999999,-34.951362
3282,-8.055833999999999,-34.951362
3283,-8.055833999999999,-34.951362
3284,-8.055833999999999,-34.951362
3290,-8.055833999999999,-34.951362
3295,-8.055833999999999,-34.951362
3297,-8.055833999999999,-34.951362
3298,-8.055833999999999,-34.951362
3299,-8.055833999999999,-34.951362
3305,-8.055833999999999,-34.951362
3307,-8.055833999999999,-34.951362
3309,-8.055833999999999,-34.951362
3312,-8.055833999999999,-34.951362
3314,-8.055833999999999,-34.951362
3316,-8.055833999999999,-34.951362
3319,-8.055833999999999,-34.951362
3320,-8.055833999999999,-34.951362
3325,-8.055833999999999,-34.951362
3328,-8.055833999999999,-34.951362
3329,-8.055833999999999,-34.951362
3333,-8.055833999999999,-34.951362
3334,-8.055833999999999,-34.951362
3337,-8.055833999999999,-34.951362
3344,-8.055833999999999,-34.951362
3350,-8.055833999999999,-34.951362
3353,-8.055833999999999,-34.951362
3355,-8.055833999999999,-34.951362
3375,-8.055833999999999,-34.951362
3378,-8.055833999999999,-34.951362
3379,-8.055833999999999,-34.951362
3381,-8.055833999999999,-34.951362
3383,-8.055833999999999,-34.951362
3387,-8.055833999999999,-34.951362
3392,-8.055833999999999,-34.951362
3393,-8.055833999999999,-34.951362
3396,-8.055833999999999,-34.951362
3400,-8.055833999999999,-34.951362
3401,-8.055833999999999,-34.951362
3405,-8.055833999999999,-34.951362
3410,-8.055833999999999,-34.951362
3412,-8.055833999999999,-34.951362
3413,-8.055833999999999,-34.951362
3418,-8.055833999999999,-34.951362
3422,-8.055833999999999,-34.951362
3424,-8.055833999999999,-34.951362
3428,-8.055833999999999,-34.951362
3433,-8.055833999999999,-34.951362
3434,-8.055833999999999,-34.951362
3437,-8.055833999999999,-34.951362
3438,-8.055833999999999,-34.951362
3443,-8.055833999999999,-34.951362
3448,-8.055833999999999,-34.951362
3455,-8.055833999999999,-34.951362
3457,-8.055833999999999,-34.951362
3458,-8.055833999999999,-34.951362
3459,-8.055833999999999,-34.951362
3460,-8.055833999999999,-34.951362
3463,-8.055833999999999,-34.951362
3464,-8.055833999999999,-34.951362
3465,-8.055833999999999,-34.951362
3467,-8.055833999999999,-34.951362
3469,-8.055833999999999,-34.951362
3470,-8.055833999999999,-34.951362
3473,-8.055833999999999,-34.951362
3481,-8.055833999999999,-34.951362
3482,-8.055833999999999,-34.951362
3495,-8.055833999999999,-34.951362
3497,-8.055833999999999,-34.951362
3501,-8.055833999999999,-34.951362
3502,-8.055833999999999,-34.951362
3509,-8.055833999999999,-34.951362
3518,-8.055833999999999,-34.951362
3526,-8.055833999999999,-34.951362
3527,-8.055833999999999,-34.951362
3528,-8.055833999999999,-34.951362
3529,-8.055833999999999,-34.951362
3532,-8.055833999999999,-34.951362
3533,-8.055833999999999,-34.951362
3534,-8.055833999999999,-34.951362
3535,-8.055833999999999,-34.951362
3538,-8.055833999999999,-34.951362
3541,-8.055833999999999,-34.951362
3542,-8.055833999999999,-34.951362
3543,-8.055833999999999,-34.951362
3548,-8.055833999999999,-34.951362
3550,-8.055833999999999,-34.951362
3555,-8.055833999999999,-34.951362
3566,-8.055833999999999,-34.951362
3570,-8.055833999999999,-34.951362
3574,-8.055833999999999,-34.951362
3577,-8.055833999999999,-34.951362
3578,-8.055833999999999,-34.951362
3582,-8.055833999999999,-34.951362
3592,-8.055833999999999,-34.951362
3593,-8.055833999999999,-34.951362
3597,-8.055833999999999,-34.951362
3601,-8.055833999999999,-34.951362
3605,-8.055833999999999,-34.951362
3608,-8.055833999999999,-34.951362
3609,-8.055833999999999,-34.951362
3614,-8.055833999999999,-34.951362
3615,-8.055833999999999,-34.951362
3617,-8.055833999999999,-34.951362
3621,-8.055833999999999,-34.951362
3624,-8.055833999999999,-34.951362
3625,-8.055833999999999,-34.951362
3639,-8.055833999999999,-34.951362
3643,-8.055833999999999,-34.951362
3647,-8.055424,-34.951597
3649,-8.055424,-34.951597
3651,-8.055424,-34.951597
3653,-8.055424,-34.951597
3656,-8.055424,-34.951597
3661,-8.055424,-34.951597
3662,-8.055424,-34.951597
3666,-8.055424,-34.951597
3677,-8.055424,-34.951597
3685,-8.055424,-34.951597
3686,-8.055424,-34.951597
3688,-8.055424,-34.951597
3689,-8.055424,-34.951597
3692,-8.055424,-34.951597
3693,-8.055424,-34.951597
3698,-8.055424,-34.951597
3703,-8.055424,-34.951597
3704,-8.055424,-34.951597
3706,-8.055424,-34.951597
3707,-8.055424,-34.951597
3708,-8.055424,-34.951597
3710,-8.055424,-34.951597
3717,-8.055424,-34.951597
3720,-8.055424,-34.951597
3721,-8.055424,-34.951597
3723,-8.055424,-34.951597
3739,-8.055424,-34.951597
3742,-8.055424,-34.951597
3745,-8.055424,-34.951597
3746,-8.055424,-34.951597
3749,-8.055424,-34.951597
3753,-8.055424,-34.951597
3755,-8.055424,-34.951597
3767,-8.055424,-34.951597
3768,-8.055424,-34.951597
3771,-8.055424,-34.951597
3772,-8.055424,-34.951597
3773,-8.055424,-34.951597
3774,-8.055424,-34.951597
3776,-8.055424,-34.951597
3777,-8.055424,-34.951597
3780,-8.055424,-34.951597
3781,-8.055424,-34.951597
3782,-8.055424,-34.951597
3784,-8.055424,-34.951597
3787,-8.055424,-34.951597
3794,-8.055424,-34.951597
3799,-8.055424,-34.951597
3803,-8.055424,-34.951597
3817,-8.055424,-34.951597
3819,-8.055424,-34.951597
3820,-8.055424,-34.951597
3826,-8.055424,-34.951597
3827,-8.055424,-34.951597
3834,-8.055424,-34.951597
3837,-8.055424,-34.951597
3838,-8.055424,-34.951597
3842,-8.055424,-34.951597
3846,-8.055424,-34.951597
3852,-8.055424,-34.951597
3853,-8.055424,-34.951597
3855,-8.055424,-34.951597
3857,-8.055424,-34.951597
3859,-8.055424,-34.951597
3860,-8.055424,-34.951597
3862,-8.055424,-34.951597
3869,-8.055424,-34.951597
3880,-8.055424,-34.951597
3885,-8.055424,-34.951597
3887,-8.055424,-34.951597
3889,-8.055424,-34.951597
3891,-8.055424,-34.951597
3894,-8.055424,-34.951597
3898,-8.055424,-34.951597
3902,-8.055424,-34.951597
3903,-8.055424,-34.951597
3905,-8.055424,-34.951597
3909,-8.055424,-34.951597
3910,-8.055424,-34.951597
3914,-8.055424,-34.951597
3934,-8.055424,-34.951597
3937,-8.055424,-34.951597
3941,-8.055424,-34.951597
3942,-8.055424,-34.951597
3945,-8.055424,-34.951597
3946,-8.055424,-34.951597
3949,-8.055424,-34.951597
3956,-8.055424,-34.951597
3960,-8.055424,-34.951597
3963,-8.055424,-34.951597
3964,-8.055424,-34.951597
3971,-8.055424,-34.951597
3973,-8.055424,-34.951597
3979,-8.055424,-34.951597
3984,-8.055424,-34.951597
3989,-8.055424,-34.951597
3992,-8.055424,-34.951597
3994,-8.055424,-34.951597
3995,-8.055424,-34.951597
3997,-8.055424,-34.951597
3999,-8.055424,-34.951597
4001,-8.055424,-34.951597
4002,-8.055424,-34.951597
4003,-8.055424,-34.951597
4004,-8.055424,-34.951597
4007,-8.055424,-34.951597
4010,-8.055424,-34.951597
4012,-8.055424,-34.951597
4022,-8.055424,-34.951597
4028,-8.055424,-34.951597
4029,-8.055424,-34.951597
4030,-8.055424,-34.951597
4032,-8.055424,-34.951597
4035,-8.055424,-34.951597
4038,-8.055424,-34.951597
4043,-8.055424,-34.951597
4046,-8.055424,-34.951597
4047,-8.055424,-34.951597
4050,-8.055424,-34.951597
4056,-8.055424,-34.951597
4057,-8.055424,-34.951597
4058,-8.055424,-34.951597
4060,-8.055424,-34.951597
4062,-8.055424,-34.951597
4064,-8.055424,-34.951597
4067,-8.055424,-34.951597
4075,-8.055424,-34.951597
4076,-8.055424,-34.951597
4077,-8.055424,-34.951597
4078,-8.055424,-34.951597
4080,-8.055424,-34.951597
4085,-8.055424,-34.951597
4087,-8.055424,-34.951597
4091,-8.055424,-34.951597
4092,-8.055424,-34.951597
4099,-8.055424,-34.951597
4100,-8.055424,-34.951597
4102,-8.055424,-34.951597
4103,-8.055424,-34.951597
4110,-8.055424,-34.951597
4112,-8.055424,-34.951597
4113,-8.055424,-34.951597
4115,-8.055424,-34.951597
4119,-8.055424,-34.951597
4121,-8.055424,-34.951597
4127,-8.055424,-34.951597
4129,-8.055424,-34.951597
4140,-8.055424,-34.951597
4141,-8.055424,-34.951597
4148,-8.055424,-34.951597
4151,-8.055424,-34.951597
4156,-8.055424,-34.951597
4157,-8.055424,-34.951597
4161,-8.055424,-34.951597
4162,-8.055424,-34.951597
4165,-8.055424,-34.951597
4169,-8.055424,-34.951597
4176,-8.055424,-34.951597
4185,-8.055424,-34.951597
4189,-8.055424,-34.951597
4190,-8.055424,-34.951597
4191,-8.055424,-34.951597
4192,-8.055424,-34.951597
4194,-8.055424,-34.951597
4196,-8.055424,-34.951597
4201,-8.055424,-34.951597
4202,-8.055424,-34.951597
4205,-8.055424,-34.951597
4209,-8.055424,-34.951597
4215,-8.055424,-34.951597
4217,-8.055424,-34.951597
4220,-8.055424,-34.951597
4222,-8.055424,-34.951597
4226,-8.055424,-34.951597
4229,-8.055424,-34.951597
4230,-8.055424,-34.951597
4233,-8.055424,-34.951597
4237,-8.055424,-34.951597
4238,-8.055424,-34.951597
4239,-8.055424,-34.951597
4245,-8.055424,-34.951597
4246,-8.055424,-34.951597
4248,-8.055424,-34.951597
4250,-8.055424,-34.951597
4252,-8.055424,-34.951597
4254,-8.055424,-34.951597
4264,-8.055424,-34.951597
4267,-8.055424,-34.951597
4273,-8.055424,-34.951597
4275,-8.055424,-34.951597
4279,-8.055424,-34.951597
4284,-8.055424,-34.951597
4288,-8.055424,-34.951597
4295,-8.055424,-34.951597
4296,-8.055424,-34.951597
4301,-8.055424,-34.951597
4303,-8.055424,-34.951597
4304,-8.055424,-34.951597
4306,-8.055424,-34.951597
4313,-8.055424,-34.951597
4317,-8.055424,-34.951597
4319,-8.055424,-34.951597
4321,-8.055424,-34.951597
4323,-8.055424,-34.951597
4326,-8.055424,-34.951597
4329,-8.055424,-34.951597
4333,-8.055424,-34.951597
4335,-8.055424,-34.951597
4336,-8.055424,-34.951597
4337,-8.055424,-34.951597
4338,-8.055424,-34.951597
4339,-8.055424,-34.951597
4341,-8.055424,-34.951597
4342,-8.055424,-34.951597
4343,-8.055424,-34.951597
4345,-8.055424,-34.951597
4348,-8.055424,-34.951597
4352,-8.055424,-34.951597
4353,-8.055424,-34.951597
4355,-8.055424,-34.951597
4359,-8.055424,-34.951597
4362,-8.055424,-34.951597
4366,-8.055424,-34.951597
4367,-8.055506,-34.951693
4368,-8.055506,-34.951693
4371,-8.055506,-34.951693
4372,-8.055506,-34.951693
4374,-8.055506,-34.951693
4377,-8.055506,-34.951693
4382,-8.055506,-34.951693
4385,-8.055506,-34.951693
4386,-8.055506,-34.951693
4387,-8.055506,-34.951693
4392,-8.055506,-34.951693
4393,-8.055506,-34.951693
4394,-8.055506,-34.951693
4397,-8.055506,-34.951693
4401,-8.055506,-34.951693
4407,-8.055506,-34.951693
4411,-8.055506,-34.951693
4412,-8.055506,-34.951693
4414,-8.055506,-34.951693
4415,-8.055506,-34.951693
4420,-8.055506,-34.951693
4423,-8.055506,-34.951693
4427,-8.055506,-34.951693
4428,-8.055506,-34.951693
4429,-8.055506,-34.951693
4436,-8.055506,-34.951693
4441,-8.055506,-34.951693
4447,-8.055506,-34.951693
4450,-8.055506,-34.951693
4463,-8.055506,-34.951693
4464,-8.055506,-34.951693
4466,-8.055506,-34.951693
4467,-8.055506,-34.951693
4469,-8.055506,-34.951693
4472,-8.055506,-34.951693
4474,-8.055506,-34.951693
4475,-8.055506,-34.951693
4483,-8.055506,-34.951693
4484,-8.055506,-34.951693
4489,-8.055506,-34.951693
4503,-8.055506,-34.951693
4504,-8.055506,-34.951693
4509,-8.055506,-34.951693
4513,-8.055506,-34.951693
4514,-8.055506,-34.951693
4518,-8.055506,-34.951693
4522,-8.055506,-34.951693
4525,-8.055506,-34.951693
4527,-8.055506,-34.951693
4528,-8.055506,-34.951693
4532,-8.055506,-34.951693
4533,-8.055506,-34.951693
4534,-8.055506,-34.951693
4535,-8.055506,-34.951693
4537,-8.055506,-34.951693
4539,-8.055506,-34.951693
4541,-8.055506,-34.951693
4549,-8.055506,-34.951693
4553,-8.055506,-34.951693
4554,-8.055506,-34.951693
4556,-8.055506,-34.951693
4560,-8.055506,-34.951693
4567,-8.055506,-34.951693
4572,-8.055506,-34.951693
4574,-8.055506,-34.951693
4575,-8.055506,-34.951693
4580,-8.055506,-34.951693
4582,-8.055506,-34.951693
4584,-8.055506,-34.951693
4586,-8.055506,-34.951693
4587,-8.055506,-34.951693
4588,-8.055506,-34.951693
4593,-8.055506,-34.951693
4597,-8.055506,-34.951693
4602,-8.055506,-34.951693
4604,-8.055506,-34.951693
4606,-8.055506,-34.951693
4608,-8.055506,-34.951693
4609,-8.055506,-34.951693
4610,-8.055506,-34.951693
4613,-8.055506,-34.951693
4617,-8.055506,-34.951693
4618,-8.055506,-34.951693
4622,-8.055506,-34.951693
4623,-8.055506,-34.951693
4626,-8.055506,-34.951693
4629,-8.055506,-34.951693
4630,-8.055506,-34.951693
4634,-8.055506,-34.951693
4635,-8.055506,-34.951693
4638,-8.055506,-34.951693
4639,-8.055506,-34.951693
4640,-8.055506,-34.951693
4645,-8.055506,-34.951693
4649,-8.055506,-34.951693
4651,-8.055506,-34.951693
4657,-8.055506,-34.951693
4671,-8.055506,-34.951693
4680,-8.055506,-34.951693
4681,-8.055506,-34.951693
4682,-8.055506,-34.951693
4693,-8.055506,-34.951693
4695,-8.055506,-34.951693
4696,-8.055506,-34.951693
4700,-8.055506,-34.951693
4701,-8.055506,-34.951693
4704,-8.055506,-34.951693
4706,-8.055506,-34.951693
4707,-8.055506,-34.951693
4708,-8.055506,-34.951693
4709,-8.055506,-34.951693
4710,-8.055506,-34.951693
4715,-8.055506,-34.951693
4730,-8.055506,-34.951693
4731,-8.055506,-34.951693
4734,-8.055506,-34.951693
4738,-8.055506,-34.951693
4740,-8.055506,-34.951693
4747,-8.055506,-34.951693
4750,-8.055506,-34.951693
4751,-8.055506,-34.951693
4755,-8.055506,-34.951693
4756,-8.055506,-34.951693
4759,-8.055506,-34.951693
4765,-8.055506,-34.951693
4766,-8.055506,-34.951693
4770,-8.055506,-34.951693
4773,-8.055506,-34.951693
4775,-8.055506,-34.951693
4779,-8.055506,-34.951693
4782,-8.055506,-34.951693
4786,-8.055506,-34.951693
4793,-8.055506,-34.951693
4794,-8.055506,-34.951693
4797,-8.055506,-34.951693
4801,-8.055506,-34.951693
4802,-8.055506,-34.951693
4803,-8.055506,-34.951693
4807,-8.055506,-34.951693
4812,-8.055506,-34.951693
4813,-8.055506,-34.951693
4816,-8.055506,-34.951693
4822,-8.055506,-34.951693
4826,-8.055506,-34.951693
4827,-8.055506,-34.951693
4828,-8.055506,-34.951693
4830,-8.055506,-34.951693
4833,-8.055506,-34.951693
4834,-8.055506,-34.951693
4836,-8.055506,-34.951693
4838,-8.055506,-34.951693
4842,-8.055506,-34.951693
4843,-8.055506,-34.951693
4844,-8.055506,-34.951693
4845,-8.055506,-34.951693
4848,-8.055506,-34.951693
4861,-8.055506,-34.951693
4864,-8.055506,-34.951693
4867,-8.055506,-34.951693
4868,-8.055506,-34.951693
4872,-8.055506,-34.951693
4880,-8.055506,-34.951693
4881,-8.055506,-34.951693
4890,-8.055506,-34.951693
4894,-8.055506,-34.951693
4898,-8.055506,-34.951693
4899,-8.055506,-34.951693
4900,-8.055506,-34.951693
4901,-8.055506,-34.951693
4902,-8.055506,-34.951693
4905,-8.055506,-34.951693
4907,-8.055506,-34.951693
4908,-8.055506,-34.951693
4913,-8.055506,-34.951693
4914,-8.055506,-34.951693
4921,-8.055506,-34.951693
4923,-8.055506,-34.951693
4924,-8.055506,-34.951693
4925,-8.055506,-34.951693
4929,-8.055506,-34.951693
4932,-8.055506,-34.951693
4934,-8.055506,-34.951693
4949,-8.055506,-34.951693
4950,-8.055506,-34.951693
4952,-8.055506,-34.951693
4961,-8.055506,-34.951693
4963,-8.055506,-34.951693
4977,-8.055506,-34.951693
4981,-8.055506,-34.951693
4982,-8.055506,-34.951693
4983,-8.055506,-34.951693
4988,-8.055506,-34.951693
4989,-8.055506,-34.951693
4993,-8.055506,-34.951693
4995,-8.055506,-34.951693
4996,-8.055506,-34.951693
5011,-8.055506,-34.951693
5012,-8.055506,-34.951693
5013,-8.055506,-34.951693
5015,-8.055506,-34.951693
5019,-8.055506,-34.951693
5021,-8.055506,-34.951693
5022,-8.055506,-34.951693
5023,-8.055506,-34.951693
5026,-8.055506,-34.951693
5027,-8.055506,-34.951693
5028,-8.055506,-34.951693
5030,-8.055506,-34.951693
5032,-8.055506,-34.951693
5033,-8.055506,-34.951693
5034,-8.055506,-34.951693
5035,-8.055506,-34.951693
5040,-8.055506,-34.951693
5048,-8.055506,-34.951693
5053,-8.055506,-34.951693
5058,-8.055784,-34.951608
5060,-8.055784,-34.951608
5064,-8.055784,-34.951608
5065,-8.055784,-34.951608
5067,-8.055784,-34.951608
5071,-8.055784,-34.951608
5074,-8.055784,-34.951608
5076,-8.055784,-34.951608
5082,-8.055784,-34.951608
5092,-8.055784,-34.951608
5095,-8.055784,-34.951608
5096,-8.055784,-34.951608
5098,-8.055784,-34.951608
5111,-8.055784,-34.951608
5112,-8.055784,-34.951608
5114,-8.055784,-34.951608
5120,-8.055784,-34.951608
5135,-8.055784,-34.951608
5137,-8.055784,-34.951608
5140,-8.055784,-34.951608
5143,-8.055784,-34.951608
5144,-8.055784,-34.951608
5145,-8.055784,-34.951608
5146,-8.055784,-34.951608
5152,-8.055784,-34.951608
5155,-8.055784,-34.951608
5156,-8.055784,-34.951608
5157,-8.055784,-34.951608
5162,-8.055784,-34.951608
5164,-8.055784,-34.951608
5167,-8.055784,-34.951608
5171,-8.055784,-34.951608
5180,-8.055784,-34.951608
5183,-8.055784,-34.951608
5186,-8.055784,-34.951608
5192,-8.055784,-34.951608
5193,-8.055784,-34.951608
5197,-8.055784,-34.951608
5205,-8.055784,-34.951608
5206,-8.055784,-34.951608
5211,-8.055784,-34.951608
5213,-8.055784,-34.951608
5214,-8.055784,-34.951608
5215,-8.055784,-34.951608
5216,-8.055784,-34.951608
5217,-8.055784,-34.951608
5221,-8.055784,-34.951608
5224,-8.055784,-34.951608
5226,-8.055784,-34.951608
5228,-8.055784,-34.951608
5229,-8.055784,-34.951608
5234,-8.055784,-34.951608
5244,-8.055784,-34.951608
5245,-8.055784,-34.951608
5246,-8.055784,-34.951608
5247,-8.055784,-34.951608
5254,-8.055784,-34.951608
5257,-8.055784,-34.951608
5262,-8.055784,-34.951608
5264,-8.055784,-34.951608
5266,-8.055784,-34.951608
5271,-8.055784,-34.951608
5274,-8.055784,-34.951608
5277,-8.055784,-34.951608
5278,-8.055784,-34.951608
5281,-8.055784,-34.951608
5282,-8.055784,-34.951608
5283,-8.055784,-34.951608
5284,-8.055784,-34.951608
5288,-8.055784,-34.951608
5289,-8.055784,-34.951608
5290,-8.055784,-34.951608
5292,-8.055784,-34.951608
5296,-8.055784,-34.951608
5300,-8.055784,-34.951608
5303,-8.055784,-34.951608
5306,-8.055784,-34.951608
5307,-8.055784,-34.951608
5308,-8.055784,-34.951608
5312,-8.055784,-34.951608
5314,-8.055784,-34.951608
5318,-8.055784,-34.951608
5321,-8.055784,-34.951608
5323,-8.055784,-34.951608
5324,-8.055784,-34.951608
5328,-8.055784,-34.951608
5336,-8.055784,-34.951608
5338,-8.055784,-34.951608
5339,-8.055784,-34.951608
5340,-8.055784,-34.951608
5349,-8.055784,-34.951608
5350,-8.055784,-34.951608
5353,-8.055784,-34.951608
5354,-8.055784,-34.951608
5357,-8.055784,-34.951608
5358,-8.055784,-34.951608
5360,-8.055784,-34.951608
5361,-8.055784,-34.951608
5362,-8.055784,-34.951608
5364,-8.055784,-34.951608
5365,-8.055784,-34.951608
5368,-8.055784,-34.951608
5371,-8.055784,-34.951608
5375,-8.055784,-34.951608
5377,-8.055784,-34.951608
5378,-8.055784,-34.951608
5379,-8.055784,-34.951608
5381,-8.055784,-34.951608
5384,-8.055784,-34.951608
5386,-8.055784,-34.951608
5388,-8.055784,-34.951608
5389,-8.055784,-34.951608
5391,-8.055784,-34.951608
5396,-8.055784,-34.951608
5399,-8.055784,-34.951608
5400,-8.055784,-34.951608
5402,-8.055784,-34.951608
5404,-8.055784,-34.951608
5405,-8.055784,-34.951608
5407,-8.055784,-34.951608
5414,-8.055784,-34.951608
5417,-8.055784,-34.951608
5418,-8.055784,-34.951608
5419,-8.055784,-34.951608
5425,-8.055784,-34.951608
5426,-8.055784,-34.951608
5427,-8.055784,-34.951608
5430,-8.055784,-34.951608
5431,-8.055784,-34.951608
5434,-8.055784,-34.951608
5436,-8.055784,-34.951608
5437,-8.055784,-34.951608
5447,-8.055784,-34.951608
5457,-8.055784,-34.951608
5458,-8.055784,-34.951608
5459,-8.055784,-34.951608
5460,-8.055784,-34.951608
5464,-8.055784,-34.951608
5465,-8.055784,-34.951608
5471,-8.055784,-34.951608
5473,-8.055784,-34.951608
5478,-8.055784,-34.951608
5479,-8.055784,-34.951608
5484,-8.055784,-34.951608
5487,-8.055784,-34.951608
5489,-8.055784,-34.951608
5492,-8.055784,-34.951608
5493,-8.055784,-34.951608
5496,-8.055784,-34.951608
5500,-8.055784,-34.951608
5502,-8.055784,-34.951608
5506,-8.055784,-34.951608
5508,-8.055784,-34.951608
5529,-8.055784,-34.951608
5531,-8.055784,-34.951608
5537,-8.055784,-34.951608
5538,-8.055784,-34.951608
5544,-8.055784,-34.951608
5547,-8.055784,-34.951608
5551,-8.055784,-34.951608
5556,-8.055784,-34.951608
5558,-8.055784,-34.951608
5559,-8.055784,-34.951608
5564,-8.055784,-34.951608
5566,-8.055784,-34.951608
5573,-8.055784,-34.951608
5576,-8.055784,-34.951608
5579,-8.055784,-34.951608
5580,-8.055784,-34.951608
5581,-8.055784,-34.951608
5583,-8.055784,-34.951608
5587,-8.055784,-34.951608
5609,-8.055784,-34.951608
5610,-8.055784,-34.951608
5612,-8.055784,-34.951608
5613,-8.055784,-34.951608
5614,-8.055784,-34.951608
5615,-8.055784,-34.951608
5616,-8.055784,-34.951608
5623,-8.055784,-34.951608
5628,-8.055784,-34.951608
5634,-8.055784,-34.951608
5635,-8.055784,-34.951608
5640,-8.055784,-34.951608
5641,-8.055784,-34.951608
5642,-8.055784,-34.951608
5646,-8.055784,-34.951608
5649,-8.055784,-34.951608
5651,-8.055784,-34.951608
5652,-8.055784,-34.951608
5662,-8.055784,-34.951608
5663,-8.055784,-34.951608
5664,-8.055784,-34.951608
5666,-8.055784,-34.951608
5676,-8.055784,-34.951608
5679,-8.055784,-34.951608
5694,-8.055784,-34.951608
5700,-8.055784,-34.951608
5708,-8.055784,-34.951608
5711,-8.055784,-34.951608
5714,-8.055784,-34.951608
5722,-8.055784,-34.951608
5727,-8.055784,-34.951608
5728,-8.055784,-34.951608
5730,-8.055784,-34.951608
5731,-8.055784,-34.951608
5733,-8.055784,-34.951608
5735,-8.055784,-34.951608
5736,-8.055784,-34.951608
5737,-8.055784,-34.951608
5739,-8.055784,-34.951608
5746,-8.055784,-34.951608
5754,-8.055784,-34.951608
5758,-8.055784,-34.951608
5763,-8.055784,-34.951608
5768,-8.055784,-34.951608
5769,-8.055784,-34.951608
5770,-8.055784,-34.951608
5780,-8.055784,-34.951608
5786,-8.055784,-34.951608
5787,-8.055784,-34.951608
5792,-8.055784,-34.951608
5794,-8.055784,-34.951608
5798,-8.055784,-34.951608
5807,-8.055784,-34.951608
5815,-8.055784,-34.951608
5816,-8.055784,-34.951608
5819,-8.055784,-34.951608
5821,-8.055784,-34.951608
5822,-8.055784,-34.951608
5828,-8.055784,-34.951608
5829,-8.055784,-34.951608
5830,-8.055784,-34.951608
5837,-8.055786,-34.951505
5838,-8.055786,-34.951505
5843,-8.055786,-34.951505
5847,-8.055786,-34.951505
5848,-8.055786,-34.951505
5852,-8.055786,-34.951505
5853,-8.055786,-34.951505
5856,-8.055786,-34.951505
5857,-8.055786,-34.951505
5858,-8.055786,-34.951505
5862,-8.055786,-34.951505
5863,-8.055786,-34.951505
5866,-8.055786,-34.951505
5868,-8.055786,-34.951505
5872,-8.055786,-34.951505
5873,-8.055786,-34.951505
5874,-8.055786,-34.951505
5876,-8.055786,-34.951505
5884,-8.055786,-34.951505
5885,-8.055786,-34.951505
5894,-8.055786,-34.951505
5898,-8.055786,-34.951505
5899,-8.055786,-34.951505
5900,-8.055786,-34.951505
5903,-8.055786,-34.951505
5908,-8.055786,-34.951505
5912,-8.055786,-34.951505
5927,-8.055786,-34.951505
5930,-8.055786,-34.951505
5931,-8.055786,-34.951505
5933,-8.055786,-34.951505
5936,-8.055786,-34.951505
5937,-8.055786,-34.951505
5938,-8.055786,-34.951505
5939,-8.055786,-34.951505
5945,-8.055786,-34.951505
5952,-8.055786,-34.951505
5953,-8.055786,-34.951505
5957,-8.055786,-34.951505
5960,-8.055786,-34.951505
5961,-8.055786,-34.951505
5963,-8.055786,-34.951505
5965,-8.055786,-34.951505
5969,-8.055786,-34.951505
5972,-8.055786,-34.951505
5974,-8.055786,-34.951505
5979,-8.055786,-34.951505
5981,-8.055786,-34.951505
5982,-8.055786,-34.951505
5991,-8.055786,-34.951505
5992,-8.055786,-34.951505
5993,-8.055786,-34.951505
5994,-8.055786,-34.951505
5998,-8.055786,-34.951505
6004,-8.055786,-34.951505
6005,-8.055786,-34.951505
6008,-8.055786,-34.951505
6010,-8.055786,-34.951505
6014,-8.055786,-34.951505
6017,-8.055786,-34.951505
6025,-8.055786,-34.951505
6027,-8.055786,-34.951505
6029,-8.055786,-34.951505
6032,-8.055786,-34.951505
6033,-8.055786,-34.951505
6037,-8.055786,-34.951505
6039,-8.055786,-34.951505
6043,-8.055786,-34.951505
6051,-8.055786,-34.951505
6053,-8.055786,-34.951505
6054,-8.055786,-34.951505
6056,-8.055786,-34.951505
6061,-8.055786,-34.951505
6062,-8.055786,-34.951505
6064,-8.055786,-34.951505
6066,-8.055786,-34.951505
6072,-8.055786,-34.951505
6073,-8.055786,-34.951505
6076,-8.055786,-34.951505
6080,-8.055786,-34.951505
6085,-8.055786,-34.951505
6088,-8.055786,-34.951505
6100,-8.055786,-34.951505
6101,-8.055786,-34.951505
6108,-8.055786,-34.951505
6111,-8.055786,-34.951505
6113,-8.055786,-34.951505
6119,-8.055786,-34.951505
6123,-8.055786,-34.951505
6128,-8.055786,-34.951505
6134,-8.055786,-34.951505
6137,-8.055786,-34.951505
6146,-8.055786,-34.951505
6147,-8.055786,-34.951505
6148,-8.055786,-34.951505
6151,-8.055786,-34.951505
6153,-8.055786,-34.951505
6156,-8.055786,-34.951505
6160,-8.055786,-34.951505
6161,-8.055786,-34.951505
6169,-8.055786,-34.951505
6176,-8.055786,-34.951505
6178,-8.055786,-34.951505
6180,-8.055786,-34.951505
6182,-8.055786,-34.951505
6189,-8.055786,-34.951505
6192,-8.055786,-34.951505
6193,-8.055786,-34.951505
6194,-8.055786,-34.951505
6199,-8.055786,-34.951505
6202,-8.055786,-34.951505
6205,-8.055786,-34.951505
6211,-8.055786,-34.951505
6214,-8.055786,-34.951505
6215,-8.055786,-34.951505
6223,-8.055786,-34.951505
6231,-8.055786,-34.951505
6237,-8.055786,-34.951505
6239,-8.055786,-34.951505
6240,-8.055786,-34.951505
6244,-8.055786,-34.951505
6250,-8.055786,-34.951505
6258,-8.055786,-34.951505
6261,-8.055786,-34.951505
6263,-8.055786,-34.951505
6266,-8.055786,-34.951505
6275,-8.055786,-34.951505
6277,-8.055786,-34.951505
6289,-8.055786,-34.951505
6290,-8.055786,-34.951505
6291,-8.055786,-34.951505
6300,-8.055786,-34.951505
6301,-8.055786,-34.951505
6307,-8.055786,-34.951505
6309,-8.055786,-34.951505
6314,-8.055786,-34.951505
6321,-8.055786,-34.951505
6322,-8.055786,-34.951505
6323,-8.055786,-34.951505
6338,-8.055786,-34.951505
6343,-8.055786,-34.951505
6348,-8.055786,-34.951505
6351,-8.055786,-34.951505
6355,-8.055786,-34.951505
6358,-8.055786,-34.951505
6360,-8.055786,-34.951505
6363,-8.055786,-34.951505
6364,-8.055786,-34.951505
6365,-8.055786,-34.951505
6377,-8.055786,-34.951505
6378,-8.055786,-34.951505
6382,-8.055786,-34.951505
6383,-8.055786,-34.951505
6384,-8.055786,-34.951505
6389,-8.055786,-34.951505
6390,-8.055786,-34.951505
6391,-8.055786,-34.951505
6395,-8.055786,-34.951505
6398,-8.055786,-34.951505
6399,-8.055786,-34.951505
6400,-8.055786,-34.951505
6401,-8.055786,-34.951505
6407,-8.055786,-34.951505
6419,-8.055786,-34.951505
6423,-8.055786,-34.951505
6424,-8.055786,-34.951505
6425,-8.055786,-34.951505
6426,-8.055786,-34.951505
6427,-8.055786,-34.951505
6435,-8.055786,-34.951505
6436,-8.055786,-34.951505
6437,-8.055786,-34.951505
6440,-8.055786,-34.951505
6442,-8.055786,-34.951505
6451,-8.055786,-34.951505
6452,-8.055786,-34.951505
6458,-8.055786,-34.951505
6462,-8.055786,-34.951505
6463,-8.055786,-34.951505
6464,-8.055786,-34.951505
6465,-8.055786,-34.951505
6466,-8.055786,-34.951505
6472,-8.055786,-34.951505
6473,-8.055786,-34.951505
6474,-8.055786,-34.951505
6475,-8.055786,-34.951505
6495,-8.055786,-34.951505
6497,-8.055786,-34.951505
6498,-8.055786,-34.951505
6507,-8.055786,-34.951505
6508,-8.055786,-34.951505
6512,-8.055786,-34.951505
6515,-8.055786,-34.951505
6516,-8.055786,-34.951505
6517,-8.055786,-34.951505
6520,-8.055786,-34.951505
6523,-8.055786,-34.951505
6533,-8.055786,-34.951505
6535,-8.055786,-34.951505
6538,-8.055786,-34.951505
6539,-8.055786,-34.951505
6545,-8.055786,-34.951505
6550,-8.055786,-34.951505
6555,-8.055786,-34.951505
6559,-8.055786,-34.951505
6560,-8.055786,-34.951505
6561,-8.055786,-34.951505
6564,-8.055786,-34.951505
6567,-8.055786,-34.951505
6571,-8.055786,-34.951505
6580,-8.055786,-34.951505
6583,-8.055786,-34.951505
6584,-8.055786,-34.951505
6586,-8.055786,-34.951505
6589,-8.055786,-34.951505
6594,-8.055786,-34.951505
6597,-8.055786,-34.951505
6601,-8.055786,-34.951505
6611,-8.055786,-34.951505
6615,-8.055786,-34.951505
6618,-8.055786,-34.951505
6622,-8.055786,-34.951505
6623,-8.055786,-34.951505
6624,-8.055786,-34.951505
6625,-8.055786,-34.951505
6632,-8.055786,-34.951505
6646,-8.05901,-34.947990000000004
6649,-8.05901,-34.947990000000004
6650,-8.05901,-34.947990000000004
6651,-8.05901,-34.947990000000004
6653,-8.05901,-34.947990000000004
6658,-8.0586,-34.94937
6660,-8.0586,-34.94937
6663,-8.0586,-34.94937
6664,-8.0586,-34.94937
6666,-8.0586,-34.94937
6669,-8.0586,-34.94937
6673,-8.0586,-34.94937
6676,-8.0586,-34.94937
6685,-8.0586,-34.94937
6687,-8.0586,-34.94937
6688,-8.0586,-34.94937
6689,-8.0586,-34.94937
6690,-8.0586,-34.94937
6691,-8.0586,-34.94937
6692,-8.0586,-34.94937
6693,-8.0586,-34.94937
6698,-8.0586,-34.94937
6703,-8.0586,-34.94937
6705,-8.0586,-34.94937
6708,-8.0586,-34.94937
6713,-8.0586,-34.94937
6715,-8.0586,-34.94937
6716,-8.0586,-34.94937
6718,-8.0586,-34.94937
6720,-8.0586,-34.94937
6723,-8.0586,-34.94937
6727,-8.0586,-34.94937
6728,-8.056939999999999,-34.954809999999995
6729,-8.056939999999999,-34.954809999999995
6733,-8.056939999999999,-34.954809999999995
6734,-8.056939999999999,-34.954809999999995
6742,-8.056939999999999,-34.954809999999995
6743,-8.056939999999999,-34.954809999999995
6745,-8.056939999999999,-34.954809999999995
6746,-8.056939999999999,-34.954809999999995
6750,-8.056939999999999,-34.954809999999995
6754,-8.056939999999999,-34.954809999999995
6755,-8.056939999999999,-34.954809999999995
6757,-8.056939999999999,-34.954809999999995
6758,-8.056939999999999,-34.954809999999995
6763,-8.056939999999999,-34.954809999999995
6769,-8.056939999999999,-34.954809999999995
6771,-8.056939999999999,-34.954809999999995
6773,-8.056939999999999,-34.954809999999995
6774,-8.056939999999999,-34.954809999999995
6775,-8.056939999999999,-34.954809999999995
6779,-8.05642,-34.95508
6784,-8.05642,-34.95508
6789,-8.05642,-34.95508
6792,-8.05642,-34.95508
6796,-8.05642,-34.95508
6811,-8.05642,-34.95508
6814,-8.05642,-34.95508
6820,-8.05642,-34.95508
6822,-8.05642,-34.95508
6827,-8.05642,-34.95508
6829,-8.05642,-34.95508
6835,-8.05642,-34.95508
6842,-8.056239999999999,-34.94655
6849,-8.05617,-34.957370000000004
6851,-8.05617,-34.957370000000004
6854,-8.056239999999999,-34.94655
6855,-8.05617,-34.957370000000004
6856,-8.05617,-34.957370000000004
6857,-8.05617,-34.957370000000004
6860,-8.056239999999999,-34.94655
6861,-8.05617,-34.957370000000004
6862,-8.05617,-34.957370000000004
6864,-8.05617,-34.957370000000004
6865,-8.05617,-34.957370000000004
6866,-8.05617,-34.957370000000004
6871,-8.05617,-34.957370000000004
6872,-8.05617,-34.957370000000004
6880,-8.05604,-34.95065
6883,-8.05604,-34.95065
6884,-8.05604,-34.95065
6888,-8.05604,-34.95065
6890,-8.05604,-34.95065
6896,-8.05604,-34.95065
6899,-8.05604,-34.95065
6908,-8.05589,-34.950790000000005
6909,-8.05589,-34.950790000000005
6912,-8.05589,-34.950790000000005
6913,-8.05589,-34.950790000000005
6916,-8.05589,-34.950790000000005
6922,-8.05589,-34.950790000000005
6923,-8.05589,-34.950790000000005
6927,-8.05589,-34.950790000000005
6929,-8.05589,-34.950790000000005
6932,-8.05589,-34.950790000000005
6934,-8.05589,-34.950790000000005
6935,-8.05589,-34.950790000000005
6940,-8.05589,-34.950790000000005
6950,-8.05589,-34.950790000000005
6953,-8.05589,-34.950790000000005
6954,-8.05589,-34.950790000000005
6955,-8.05583,-34.95852
6957,-8.05589,-34.950790000000005
6962,-8.055660000000001,-34.954229999999995
6963,-8.055660000000001,-34.954229999999995
6964,-8.055660000000001,-34.954229999999995
6967,-8.055660000000001,-34.954229999999995
6969,-8.055660000000001,-34.954229999999995
6975,-8.055660000000001,-34.954229999999995
6977,-8.055660000000001,-34.954229999999995
6978,-8.055660000000001,-34.954229999999995
6983,-8.055639999999999,-34.95451
6992,-8.055639999999999,-34.95451
6994,-8.055639999999999,-34.95451
7007,-8.055639999999999,-34.95451
7008,-8.055639999999999,-34.95451
7016,-8.055639999999999,-34.95451
7017,-8.055639999999999,-34.95451
7019,-8.055639999999999,-34.95451
7020,-8.055639999999999,-34.95451
7021,-8.05561,-34.95431
7024,-8.05561,-34.95431
7038,-8.05561,-34.95431
7039,-8.05561,-34.95431
7040,-8.05561,-34.95431
7044,-8.05561,-34.95431
7046,-8.05561,-34.95431
7047,-8.05561,-34.95431
7048,-8.05561,-34.95431
7049,-8.05561,-34.95431
7050,-8.05561,-34.95431
7051,-8.05561,-34.95431
7058,-8.05561,-34.95417
7063,-8.05556,-34.95505
7068,-8.05556,-34.95505
7072,-8.05556,-34.95505
7074,-8.05556,-34.95505
7075,-8.05556,-34.95505
7078,-8.05556,-34.95505
7081,-8.05556,-34.95505
7082,-8.05556,-34.95505
7087,-8.05556,-34.95505
7089,-8.05556,-34.95505
7091,-8.05556,-34.95505
7092,-8.055539999999999,-34.95476
7093,-8.055539999999999,-34.95476
7094,-8.055539999999999,-34.95476
7095,-8.055539999999999,-34.95476
7104,-8.055539999999999,-34.95476
7107,-8.055539999999999,-34.95476
7109,-8.055539999999999,-34.95476
7116,-8.055539999999999,-34.95476
7118,-8.055539999999999,-34.95476
7120,-8.055539999999999,-34.95476
7122,-8.055539999999999,-34.95476
7131,-8.055539999999999,-34.95476
7134,-8.055539999999999,-34.95476
7135,-8.055539999999999,-34.95476
7136,-8.055539999999999,-34.95476
7144,-8.055439999999999,-34.95574000000001
7146,-8.055439999999999,-34.95574000000001
7149,-8.055439999999999,-34.95574000000001
7150,-8.055439999999999,-34.95574000000001
7152,-8.055439999999999,-34.95574000000001
7153,-8.055439999999999,-34.95574000000001
7162,-8.055439999999999,-34.95574000000001
7171,-8.055439999999999,-34.95574000000001
7172,-8.055439999999999,-34.95574000000001
7178,-8.055439999999999,-34.95574000000001
7182,-8.055439999999999,-34.95574000000001
7185,-8.055439999999999,-34.95574000000001
7191,-8.05543,-34.95368
7199,-8.05543,-34.95368
7201,-8.05543,-34.95368
7204,-8.05543,-34.95368
7205,-8.05543,-34.95368
7210,-8.05543,-34.95368
7211,-8.05543,-34.95368
7223,-8.05537,-34.95089
7228,-8.05537,-34.95089
7233,-8.05537,-34.95089
7234,-8.05537,-34.95089
7238,-8.05536,-34.950759999999995
7249,-8.05536,-34.950759999999995
7250,-8.05536,-34.950759999999995
7252,-8.05536,-34.950759999999995
7254,-8.05536,-34.950759999999995
7262,-8.05536,-34.950759999999995
7263,-8.05536,-34.950759999999995
7267,-8.05536,-34.950759999999995
7269,-8.05536,-34.950759999999995
7275,-8.05527,-34.95621
7279,-8.05527,-34.95621
7282,-8.05527,-34.95621
7283,-8.05527,-34.95621
7290,-8.05527,-34.95621
7293,-8.05527,-34.95621
7299,-8.05527,-34.95621
7301,-8.05527,-34.95621
7304,-8.05522,-34.95208
7305,-8.05527,-34.95621
7307,-8.05522,-34.95208
7310,-8.05522,-34.95208
7313,-8.05522,-34.95208
7322,-8.05522,-34.95208
7323,-8.05522,-34.95208
7325,-8.05522,-34.95208
7333,-8.05522,-34.95208
7335,-8.05522,-34.95208
7346,-8.05518,-34.95243
7348,-8.05518,-34.95243
7359,-8.05518,-34.95243
7363,-8.05518,-34.95243
7365,-8.05518,-34.95243
7375,-8.0549,-34.95928
7378,-8.05487,-34.956109999999995
7381,-8.0549,-34.95928
7382,-8.05487,-34.956109999999995
7384,-8.0549,-34.95928
7387,-8.0549,-34.95928
7391,-8.05487,-34.956109999999995
7395,-8.0549,-34.95928
7399,-8.0548,-34.95363
7402,-8.0548,-34.95363
7407,-8.0548,-34.95363
7413,-8.0548,-34.95363
7415,-8.0548,-34.95363
7417,-8.0548,-34.95363
7423,-8.0548,-34.95363
7425,-8.05462,-34.956070000000004
7428,-8.05462,-34.956070000000004
7434,-8.05462,-34.956070000000004
7435,-8.05462,-34.956070000000004
7441,-8.05462,-34.956070000000004
7442,-8.05462,-34.956070000000004
7444,-8.05462,-34.956070000000004
7453,-8.05462,-34.956070000000004
7463,-8.0546,-34.94964
7465,-8.0546,-34.94964
7466,-8.0546,-34.94964
7468,-8.0546,-34.94964
7487,-8.05445,-34.94954
7488,-8.05445,-34.94954
7498,-8.05445,-34.94954
7499,-8.05445,-34.94954
7501,-8.05445,-34.94954
7505,-8.05445,-34.94954
7507,-8.05445,-34.94954
7510,-8.05445,-34.94954
7515,-8.05445,-34.94954
7516,-8.05445,-34.94954
7517,-8.05445,-34.94954
7521,-8.05445,-34.94954
7523,-8.05445,-34.94954
7524,-8.05435,-34.95598
7530,-8.05435,-34.95598
7531,-8.05435,-34.95598
7532,-8.05435,-34.95598
7535,-8.05435,-34.95598
7542,-8.05435,-34.95598
7544,-8.05435,-34.95598
7552,-8.05435,-34.95598
7557,-8.05435,-34.95598
7567,-8.0542,-34.95709
7568,-8.0542,-34.95709
7569,-8.0542,-34.95709
7580,-8.05419,-34.94939
7583,-8.0542,-34.95709
7584,-8.0542,-34.95709
7588,-8.0542,-34.95709
7589,-8.0542,-34.95709
7591,-8.05412,-34.95409
7598,-8.05412,-34.95409
7600,-8.05412,-34.95409
7603,-8.05412,-34.95409
7606,-8.05412,-34.95409
7607,-8.05412,-34.95409
7608,-8.05412,-34.95409
7609,-8.05412,-34.95409
7615,-8.05412,-34.95409
7618,-8.05412,-34.95409
7619,-8.05412,-34.95409
7620,-8.05412,-34.95409
7628,-8.05412,-34.95409
7632,-8.05375,-34.95959000000001
7635,-8.05367,-34.94911
7637,-8.05367,-34.94911
7639,-8.05375,-34.95959000000001
7645,-8.05367,-34.94911
7647,-8.05367,-34.94911
7649,-8.05367,-34.94911
7650,-8.05367,-34.94911
7655,-8.05367,-34.94911
7656,-8.05367,-34.94911
7658,-8.05367,-34.94911
7660,-8.05367,-34.94911
7663,-8.05367,-34.94911
7665,-8.05367,-34.94911
7671,-8.05367,-34.94911
7675,-8.05367,-34.94911
7680,-8.05367,-34.94911
7681,-8.05367,-34.94911
7682,-8.05367,-34.94911
7690,-8.05367,-34.94911
7692,-8.05367,-34.94911
7695,-8.05359,-34.94851
7700,-8.05359,-34.94851
7702,-8.05359,-34.94851
7706,-8.05359,-34.94851
7708,-8.05359,-34.94851
7710,-8.05359,-34.94851
7717,-8.05339,-34.94885
7722,-8.05339,-34.94885
7724,-8.05339,-34.94885
7726,-8.05339,-34.94885
7731,-8.05339,-34.94885
7732,-8.05339,-34.94885
7745,-8.05339,-34.94885
7747,-8.05339,-34.94885
7748,-8.05339,-34.94885
7749,-8.05339,-34.94885
7751,-8.05339,-34.94885
7754,-8.05339,-34.94885
7755,-8.05339,-34.94885
7756,-8.05339,-34.94885
7758,-8.05339,-34.94885
7762,-8.05339,-34.94885
7764,-8.05339,-34.94885
7768,-8.05339,-34.94885
7770,-8.05339,-34.94885
7772,-8.05339,-34.94885
7774,-8.05339,-34.94885
7778,-8.05339,-34.94885
7780,-8.05299,-34.9539
7791,-8.05299,-34.9539
7792,-8.05299,-34.9539
7793,-8.05299,-34.9539
7796,-8.05299,-34.9539
7797,-8.05299,-34.9539
7798,-8.05299,-34.9539
7799,-8.05299,-34.9539
7800,-8.05299,-34.9539
7807,-8.0528,-34.948640000000005
7814,-8.0528,-34.948640000000005
7819,-8.0528,-34.948640000000005
7821,-8.0528,-34.948640000000005
7823,-8.0528,-34.948640000000005
7824,-8.0528,-34.948640000000005
7826,-8.0528,-34.948640000000005
7828,-8.0528,-34.948640000000005
7829,-8.0528,-34.948640000000005
7838,-8.0528,-34.948640000000005
7853,-8.0528,-34.948640000000005
7859,-8.0528,-34.948640000000005
7864,-8.0528,-34.948640000000005
7868,-8.0528,-34.948640000000005
7871,-8.0528,-34.948640000000005
7874,-8.0528,-34.948640000000005
7875,-8.0526,-34.95336
7876,-8.0526,-34.95336
7877,-8.0526,-34.95336
7881,-8.0526,-34.95336
7882,-8.0526,-34.95336
7884,-8.0526,-34.95336
7889,-8.0526,-34.95336
7893,-8.0526,-34.95336
7894,-8.0526,-34.95336
7897,-8.05247,-34.94845
7898,-8.05247,-34.94845
7899,-8.05247,-34.94845
7903,-8.05247,-34.94845
7909,-8.05247,-34.94845
7913,-8.05247,-34.94845
7918,-8.05247,-34.94845
7919,-8.05247,-34.94845
7921,-8.05247,-34.94845
7924,-8.05247,-34.94845
7925,-8.05247,-34.94845
7927,-8.05247,-34.94845
7928,-8.05247,-34.94845
7936,-8.05247,-34.94845
7938,-8.05247,-34.94845
7947,-8.05247,-34.94845
7948,-8.05247,-34.94845
7951,-8.05247,-34.94845
7954,-8.05247,-34.94845
7955,-8.05247,-34.94845
7957,-8.05247,-34.94845
7958,-8.05247,-34.94845
7959,-8.05223,-34.94808
7963,-8.05223,-34.94808
7964,-8.05223,-34.94808
7965,-8.05223,-34.94808
7969,-8.05223,-34.94808
7972,-8.05223,-34.94808
7981,-8.05223,-34.94808
7986,-8.05223,-34.94808
7988,-8.05223,-34.94808
8000,-8.05223,-34.94808
8001,-8.05223,-34.94808
8011,-8.05222,-34.94812
8026,-8.05216,-34.94813
8027,-8.05216,-34.94813
8028,-8.05216,-34.94813
8029,-8.05216,-34.94813
8039,-8.05216,-34.94813
8046,-8.05216,-34.94813
8047,-8.05216,-34.94813
8051,-8.05216,-34.94813
8059,-8.05216,-34.94813
8061,-8.05216,-34.94813
8066,-8.0521,-34.94923
8067,-8.0521,-34.94923
8068,-8.0521,-34.94923
8069,-8.0521,-34.94923
8077,-8.0521,-34.94923
8080,-8.0521,-34.94923
8085,-8.0521,-34.94923
8097,-8.0521,-34.94923
8105,-8.0521,-34.94923
8106,-8.0521,-34.94923
8107,-8.0521,-34.94923
8108,-8.0521,-34.94923
8109,-8.0521,-34.94923
8111,-8.0521,-34.94923
8121,-8.0521,-34.94923
8123,-8.0521,-34.94923
8124,-8.0521,-34.94923
8125,-8.0521,-34.94923
8127,-8.0521,-34.94923
8129,-8.0521,-34.94923
8131,-8.0521,-34.94923
8137,-8.051919999999999,-34.95301
8138,-8.051919999999999,-34.95301
8142,-8.051919999999999,-34.95301
8143,-8.051919999999999,-34.95301
8146,-8.051919999999999,-34.95301
8148,-8.051919999999999,-34.95301
8153,-8.051919999999999,-34.95301
8157,-8.051919999999999,-34.95301
8158,-8.051919999999999,-34.95301
8159,-8.051919999999999,-34.95301
8160,-8.051919999999999,-34.95301
8168,-8.051919999999999,-34.95301
8170,-8.051919999999999,-34.95301
8171,-8.051919999999999,-34.95301
8180,-8.051919999999999,-34.95301
8183,-8.051919999999999,-34.95301
8185,-8.051919999999999,-34.95301
8186,-8.051919999999999,-34.95301
8187,-8.051919999999999,-34.95301
8188,-8.051919999999999,-34.95301
8193,-8.051919999999999,-34.95301
8196,-8.051919999999999,-34.95301
8198,-8.051919999999999,-34.95301
8200,-8.051919999999999,-34.95301
8201,-8.05187,-34.94812
8203,-8.05187,-34.94812
8205,-8.05187,-34.94812
8209,-8.05187,-34.94812
8210,-8.05187,-34.94812
8214,-8.05187,-34.94812
8215,-8.05187,-34.94812
8219,-8.05187,-34.94812
8221,-8.05187,-34.94812
8222,-8.05187,-34.94812
8233,-8.05187,-34.94812
8236,-8.05187,-34.94812
8240,-8.05187,-34.94812
8244,-8.05187,-34.94812
8247,-8.05187,-34.94812
8248,-8.05187,-34.94812
8250,-8.05185,-34.9482
8254,-8.05185,-34.9482
8257,-8.05185,-34.9482
8259,-8.05185,-34.9482
8263,-8.05178,-34.9486
8268,-8.05178,-34.9486
8270,-8.05178,-34.9486
8272,-8.05178,-34.9486
8274,-8.05178,-34.9486
8275,-8.05178,-34.9486
8277,-8.05178,-34.9486
8281,-8.05178,-34.9486
8287,-8.05178,-34.9486
8289,-8.05178,-34.9486
8292,-8.05178,-34.9486
8294,-8.05172,-34.95768
8299,-8.05172,-34.95768
8300,-8.05172,-34.95768
8302,-8.05172,-34.95768
8316,-8.05172,-34.95768
8317,-8.05172,-34.95768
8318,-8.05172,-34.95768
8323,-8.05172,-34.95768
8324,-8.05172,-34.95768
8325,-8.05172,-34.95768
8330,-8.05172,-34.95768
8332,-8.05172,-34.95768
8333,-8.05172,-34.95768
8334,-8.05172,-34.95768
8336,-8.05172,-34.95768
8344,-8.05172,-34.95768
8346,-8.05172,-34.95768
8347,-8.05172,-34.95768
8354,-8.05172,-34.95768
8362,-8.05172,-34.95768
8365,-8.05172,-34.95768
8368,-8.05172,-34.95768
8370,-8.05149,-34.95039000000001
8373,-8.05149,-34.95039000000001
8375,-8.05149,-34.95039000000001
8377,-8.05149,-34.95039000000001
8381,-8.05143,-34.95981
8382,-8.05143,-34.95981
8383,-8.05143,-34.95981
8384,-8.05143,-34.95981
8386,-8.05143,-34.95981
8388,-8.05143,-34.95981
8394,-8.05143,-34.95981
8396,-8.05143,-34.95981
8398,-8.05143,-34.95981
8399,-8.05143,-34.95981
8401,-8.05143,-34.95981
8403,-8.05143,-34.95981
8405,-8.05143,-34.95981
8408,-8.05143,-34.95981
8412,-8.05143,-34.95981
8414,-8.05143,-34.95981
8417,-8.05143,-34.95981
8418,-8.05143,-34.95981
8419,-8.05143,-34.95981
8420,-8.05143,-34.95981
8421,-8.05143,-34.95981
8422,-8.05143,-34.95981
8424,-8.05143,-34.95981
8426,-8.05143,-34.95981
8438,-8.0514,-34.95841
8447,-8.0514,-34.95841
8450,-8.0514,-34.95841
8452,-8.05133,-34.9506
8463,-8.05133,-34.9506
8465,-8.05133,-34.9506
8475,-8.05133,-34.9506
8478,-8.05133,-34.9506
8481,-8.05133,-34.9506
8485,-8.05133,-34.9506
8487,-8.05133,-34.9506
8490,-8.05133,-34.9506
8493,-8.05133,-34.9506
8496,-8.05133,-34.9506
8499,-8.051169999999999,-34.95915
8503,-8.051169999999999,-34.95915
8504,-8.051169999999999,-34.95915
8505,-8.051169999999999,-34.95915
8511,-8.051169999999999,-34.95915
8515,-8.051169999999999,-34.95915
8516,-8.051169999999999,-34.95915
8520,-8.051169999999999,-34.95915
8522,-8.0511,-34.95982
8525,-8.0511,-34.95982
8526,-8.0511,-34.95982
8530,-8.0511,-34.95982
8532,-8.0511,-34.95982
8534,-8.0511,-34.95982
8536,-8.0511,-34.95982
8538,-8.0511,-34.95982
8541,-8.0511,-34.95982
8546,-8.0511,-34.95982
8547,-8.0511,-34.95982
8548,-8.0511,-34.95982
8553,-8.0511,-34.95982
8557,-8.0511,-34.95982
8559,-8.0511,-34.95982
8560,-8.0511,-34.95982
8566,-8.05091,-34.955
8568,-8.05091,-34.955
8570,-8.05091,-34.955
8587,-8.05091,-34.955
8590,-8.05091,-34.955
8592,-8.05091,-34.955
8603,-8.05091,-34.955
8604,-8.05091,-34.955
8606,-8.05091,-34.955
8614,-8.05091,-34.955
8618,-8.05065,-34.950520000000004
8620,-8.05065,-34.950520000000004
8627,-8.05065,-34.950520000000004
8628,-8.05065,-34.950520000000004
8629,-8.05065,-34.950520000000004
8630,-8.05065,-34.950520000000004
8631,-8.05065,-34.950520000000004
8640,-8.05065,-34.950520000000004
8641,-8.05065,-34.950520000000004
8653,-8.05056,-34.95316
8655,-8.05056,-34.95316
8658,-8.05056,-34.95316
8660,-8.05056,-34.95316
8664,-8.05053,-34.953720000000004
8665,-8.05053,-34.953720000000004
8673,-8.05053,-34.953720000000004
8674,-8.05053,-34.953720000000004
8678,-8.05053,-34.953720000000004
8689,-8.05053,-34.953720000000004
8690,-8.05053,-34.953720000000004
8692,-8.05053,-34.953720000000004
8698,-8.05053,-34.953720000000004
8699,-8.05053,-34.953720000000004
8700,-8.05049,-34.954159999999995
8704,-8.05049,-34.954159999999995
8706,-8.05049,-34.954159999999995
8709,-8.05049,-34.954159999999995
8718,-8.05049,-34.954159999999995
8722,-8.05033,-34.95048
8725,-8.05033,-34.95048
8731,-8.05033,-34.95048
8732,-8.05033,-34.95048
8736,-8.05033,-34.95048
8744,-8.050239999999999,-34.9548
8745,-8.050239999999999,-34.9548
8748,-8.050239999999999,-34.9548
8753,-8.050239999999999,-34.9548
8758,-8.050189999999999,-34.94764
8759,-8.050189999999999,-34.94764
8760,-8.050189999999999,-34.94764
8768,-8.050189999999999,-34.94764
8771,-8.050189999999999,-34.94764
8772,-8.050189999999999,-34.94764
8774,-8.050189999999999,-34.94764
8793,-8.05006,-34.94763
8794,-8.05006,-34.94763
8796,-8.05006,-34.94763
8798,-8.05006,-34.94763
8801,-8.05006,-34.94763
8804,-8.05006,-34.94763
8805,-8.05006,-34.94763
8806,-8.05006,-34.94763
8817,-8.04999,-34.95473
8820,-8.04999,-34.95473
8831,-8.04999,-34.95473
8833,-8.04992,-34.9547
8834,-8.04992,-34.9547
8835,-8.04992,-34.9547
8845,-8.04992,-34.9547
8846,-8.04992,-34.9547
8848,-8.04974,-34.95468
8851,-8.04974,-34.95468
8854,-8.04974,-34.95468
8861,-8.04974,-34.95468
8863,-8.049660000000001,-34.95471
8864,-8.049660000000001,-34.95471
8872,-8.049660000000001,-34.95471
8873,-8.049660000000001,-34.95471
8876,-8.049660000000001,-34.95471
8877,-8.049660000000001,-34.95471
8878,-8.049660000000001,-34.95471
8880,-8.049660000000001,-34.95471
8882,-8.049660000000001,-34.95471
8883,-8.049660000000001,-34.95471
8888,-8.049660000000001,-34.95471
8890,-8.049660000000001,-34.95471
8891,-8.049660000000001,-34.95471
8893,-8.049660000000001,-34.95471
8899,-8.04955,-34.95313
8903,-8.04955,-34.95313
8904,-8.04955,-34.95313
8907,-8.04951,-34.95346
8909,-8.04955,-34.95313
8910,-8.04955,-34.95313
8912,-8.04951,-34.95346
8915,-8.04951,-34.95346
8917,-8.04951,-34.95346
8919,-8.04951,-34.95346
8933,-8.04951,-34.95346
8935,-8.04951,-34.95346
8936,-8.04951,-34.95346
8938,-8.04951,-34.95346
8939,-8.04951,-34.95346
8943,-8.04951,-34.95346
8950,-8.04951,-34.95346
8951,-8.04951,-34.95346
8956,-8.04951,-34.95346
8961,-8.04951,-34.95346
8968,-8.049380000000001,-34.95304
8973,-8.04937,-34.947540000000004
8974,-8.04917,-34.95039000000001
8977,-8.04917,-34.95039000000001
8984,-8.04917,-34.95039000000001
8986,-8.04917,-34.95039000000001
8990,-8.04917,-34.95039000000001
8992,-8.04917,-34.95039000000001
9003,-8.04914,-34.94713
9004,-8.04914,-34.94713
9012,-8.04914,-34.94713
9017,-8.04914,-34.94713
9018,-8.04914,-34.94713
9027,-8.049,-34.9474
9030,-8.049,-34.9474
9034,-8.049,-34.9474
9037,-8.049,-34.9474
9038,-8.049,-34.9474
9039,-8.049,-34.9474
9040,-8.049,-34.9474
9043,-8.049,-34.9474
9046,-8.049,-34.9474
9055,-8.049,-34.9474
9058,-8.049,-34.9474
9061,-8.049,-34.9474
9068,-8.048919999999999,-34.95726
9071,-8.048919999999999,-34.95726
9081,-8.048919999999999,-34.95726
9082,-8.048919999999999,-34.95726
9090,-8.0487,-34.95806
9097,-8.0487,-34.95806
9099,-8.048639999999999,-34.95071
9100,-8.048639999999999,-34.95071
9101,-8.048639999999999,-34.95071
9105,-8.048639999999999,-34.95071
9108,-8.048639999999999,-34.95071
9109,-8.048639999999999,-34.95071
9111,-8.048639999999999,-34.95071
9113,-8.048639999999999,-34.95071
9118,-8.048639999999999,-34.95071
9121,-8.048639999999999,-34.95071
9127,-8.048639999999999,-34.95071
9129,-8.048639999999999,-34.95071
9134,-8.048639999999999,-34.95071
9142,-8.048639999999999,-34.95071
9144,-8.048639999999999,-34.95071
9148,-8.04857,-34.951
9157,-8.04857,-34.951
9162,-8.04857,-34.951
9164,-8.04857,-34.951
9170,-8.04857,-34.951
9171,-8.04857,-34.951
9172,-8.04857,-34.951
9173,-8.04857,-34.951
9184,-8.04857,-34.951
9185,-8.04857,-34.951
9189,-8.0485,-34.95182
9190,-8.0485,-34.95182
9194,-8.0485,-34.95182
9199,-8.0485,-34.95182
9205,-8.0485,-34.95182
9211,-8.04849,-34.950759999999995
9214,-8.04849,-34.950759999999995
9218,-8.04849,-34.950759999999995
9220,-8.04849,-34.950759999999995
9222,-8.04849,-34.950759999999995
9223,-8.04849,-34.950759999999995
9224,-8.04849,-34.950759999999995
9229,-8.04844,-34.95961
9230,-8.04844,-34.95961
9231,-8.04844,-34.95961
9232,-8.04844,-34.95961
9235,-8.04844,-34.95961
9241,-8.04844,-34.95961
9243,-8.04844,-34.95961
9245,-8.04844,-34.95961
9249,-8.04844,-34.95961
9251,-8.04844,-34.95961
9252,-8.04844,-34.95961
9258,-8.04844,-34.95961
9264,-8.04844,-34.95961
9266,-8.04844,-34.95961
9267,-8.04844,-34.95961
9270,-8.04833,-34.94693
9273,-8.04833,-34.94693
9275,-8.04833,-34.94693
9281,-8.04833,-34.94693
9290,-8.04833,-34.94693
9292,-8.04833,-34.94693
9296,-8.04833,-34.94693
9299,-8.04833,-34.94693
9302,-8.04825,-34.954229999999995
9307,-8.04825,-34.954229999999995
9311,-8.04825,-34.954229999999995
9312,-8.04814,-34.947070000000004
9313,-8.04814,-34.947070000000004
9315,-8.04825,-34.954229999999995
9319,-8.04814,-34.947070000000004
9320,-8.04814,-34.947070000000004
9321,-8.04825,-34.954229999999995
9324,-8.04814,-34.947070000000004
9327,-8.04814,-34.947070000000004
9328,-8.04814,-34.947070000000004
9329,-8.04814,-34.947070000000004
9330,-8.04814,-34.947070000000004
9334,-8.04814,-34.947070000000004
9336,-8.04814,-34.947070000000004
9341,-8.04814,-34.947070000000004
9346,-8.04809,-34.94749
9348,-8.04809,-34.94749
9354,-8.04809,-34.94749
9362,-8.04809,-34.94749
9365,-8.047930000000001,-34.94762
9371,-8.047930000000001,-34.94762
9372,-8.047930000000001,-34.94762
9374,-8.047930000000001,-34.94762
9375,-8.047930000000001,-34.94762
9376,-8.047930000000001,-34.94762
9379,-8.047930000000001,-34.94762
9380,-8.047930000000001,-34.94762
9384,-8.04786,-34.94764
9387,-8.04786,-34.94764
9390,-8.04786,-34.94764
9391,-8.04786,-34.94764
9392,-8.04786,-34.94764
9393,-8.04786,-34.94764
9394,-8.04786,-34.94764
9395,-8.04786,-34.94764
9396,-8.04786,-34.94764
9402,-8.04786,-34.94764
9409,-8.04786,-34.94764
9414,-8.04786,-34.94764
9419,-8.04786,-34.94764
9421,-8.04757,-34.94758
9422,-8.04757,-34.94758
9423,-8.04757,-34.94758
9429,-8.04757,-34.94758
9433,-8.04757,-34.94758
9434,-8.04757,-34.94758
9440,-8.04757,-34.94758
9441,-8.04757,-34.94758
9448,-8.04733,-34.94528
9450,-8.04733,-34.94528
9452,-8.04734,-34.94757
9453,-8.04733,-34.94528
9454,-8.04733,-34.94528
9455,-8.04733,-34.94528
9459,-8.04733,-34.94528
9469,-8.0472,-34.95395
9470,-8.04733,-34.94528
9471,-8.0472,-34.95395
9472,-8.04733,-34.94528
9477,-8.0472,-34.95395
9481,-8.0472,-34.95395
9484,-8.0472,-34.95395
9485,-8.0472,-34.95395
9491,-8.0472,-34.95395
9492,-8.0472,-34.95395
9493,-8.0472,-34.95395
9494,-8.0472,-34.95395
9499,-8.0472,-34.95395
9504,-8.0472,-34.95395
9513,-8.0472,-34.95395
9514,-8.0472,-34.95395
9518,-8.0472,-34.95395
9519,-8.0472,-34.95395
9520,-8.04691,-34.9506
9521,-8.0472,-34.95395
9536,-8.04691,-34.9506
9540,-8.04691,-34.9506
9542,-8.04691,-34.9506
9543,-8.04691,-34.9506
9545,-8.04691,-34.9506
9549,-8.04691,-34.9506
9552,-8.04691,-34.9506
9553,-8.04691,-34.9506
9556,-8.04691,-34.9506
9558,-8.04691,-34.9506
9562,-8.04691,-34.9506
9564,-8.04691,-34.9506
9566,-8.04691,-34.9506
9568,-8.04691,-34.9506
9571,-8.04691,-34.9506
9575,-8.04691,-34.9506
9582,-8.04645,-34.94784
9587,-8.04645,-34.94784
9590,-8.04645,-34.94784
9591,-8.04645,-34.94784
9594,-8.04645,-34.94784
9601,-8.04645,-34.94784
9602,-8.04645,-34.94784
9603,-8.04645,-34.94784
9604,-8.04645,-34.94784
9605,-8.04645,-34.94784
9609,-8.04645,-34.94784
9613,-8.04645,-34.94784
9614,-8.04645,-34.94784
9615,-8.04645,-34.94784
9616,-8.04645,-34.94784
9621,-8.04645,-34.94784
9622,-8.04645,-34.94784
9627,-8.04645,-34.94784
9633,-8.04645,-34.94784
9635,-8.04645,-34.94784
9637,-8.04643,-34.950520000000004
9638,-8.04643,-34.950520000000004
9640,-8.04643,-34.950520000000004
9641,-8.04643,-34.950520000000004
9643,-8.04643,-34.950520000000004
9644,-8.04643,-34.950520000000004
9645,-8.04643,-34.950520000000004
9651,-8.04643,-34.950520000000004
9653,-8.04643,-34.950520000000004
9664,-8.04643,-34.950520000000004
9668,-8.04643,-34.950520000000004
9672,-8.04643,-34.950520000000004
9674,-8.04643,-34.950520000000004
9675,-8.04643,-34.950520000000004
9677,-8.04643,-34.950520000000004
9678,-8.04643,-34.950520000000004
