ponto_id,lat_pred,lon_pred
0,-8.055605,-34.951728
3,-8.055605,-34.951728
8,-8.055605,-34.951728
10,-8.055605,-34.951728
12,-8.055605,-34.951728
14,-8.055605,-34.951728
17,-8.055605,-34.951728
19,-8.055605,-34.951728
23,-8.055605,-34.951728
29,-8.055605,-34.951728
30,-8.055605,-34.951728
31,-8.055605,-34.951728
33,-8.055605,-34.951728
36,-8.055605,-34.951728
37,-8.055605,-34.951728
39,-8.055605,-34.951728
41,-8.055605,-34.951728
46,-8.055605,-34.951728
47,-8.055605,-34.951728
48,-8.055605,-34.951728
50,-8.055605,-34.951728
56,-8.055605,-34.951728
58,-8.055605,-34.951728
59,-8.055605,-34.951728
61,-8.055605,-34.951728
65,-8.055605,-34.951728
68,-8.055605,-34.951728
69,-8.055605,-34.951728
70,-8.055605,-34.951728
73,-8.055605,-34.951728
76,-8.055605,-34.951728
79,-8.055605,-34.951728
80,-8.055605,-34.951728
81,-8.055605,-34.951728
87,-8.055605,-34.951728
88,-8.055605,-34.951728
91,-8.055605,-34.951728
92,-8.055605,-34.951728
93,-8.055605,-34.951728
95,-8.055605,-34.951728
96,-8.055605,-34.951728
99,-8.055605,-34.951728
100,-8.055605,-34.951728
101,-8.055605,-34.951728
102,-8.055605,-34.951728
103,-8.055605,-34.951728
104,-8.055605,-34.951728
106,-8.055605,-34.951728
107,-8.055605,-34.951728
108,-8.055605,-34.951728
111,-8.055605,-34.951728
118,-8.055605,-34.951728
119,-8.055605,-34.951728
122,-8.055605,-34.951728
131,-8.055605,-34.951728
132,-8.055605,-34.951728
135,-8.055605,-34.951728
144,-8.055605,-34.951728
149,-8.055605,-34.951728
151,-8.055605,-34.951728
157,-8.055605,-34.951728
164,-8.055605,-34.951728
167,-8.055605,-34.951728
168,-8.055605,-34.951728
169,-8.055605,-34.951728
172,-8.055605,-34.951728
176,-8.055605,-34.951728
177,-8.055605,-34.951728
179,-8.055605,-34.951728
180,-8.055605,-34.951728
181,-8.055605,-34.951728
185,-8.055605,-34.951728
196,-8.055605,-34.951728
199,-8.055605,-34.951728
209,-8.055605,-34.951728
211,-8.055605,-34.951728
212,-8.055605,-34.951728
214,-8.055605,-34.951728
217,-8.055605,-34.951728
218,-8.055605,-34.951728
221,-8.055605,-34.951728
222,-8.055605,-34.951728
229,-8.055605,-34.951728
230,-8.055605,-34.951728
233,-8.055605,-34.951728
239,-8.055605,-34.951728
245,-8.055605,-34.951728
247,-8.055605,-34.951728
248,-8.055605,-34.951728
251,-8.055605,-34.951728
252,-8.055605,-34.951728
257,-8.055605,-34.951728
263,-8.055605,-34.951728
265,-8.055605,-34.951728
267,-8.055605,-34.951728
274,-8.055605,-34.951728
286,-8.055605,-34.951728
288,-8.055605,-34.951728
291,-8.055605,-34.951728
292,-8.055605,-34.951728
300,-8.055605,-34.951728
304,-8.055605,-34.951728
308,-8.055605,-34.951728
311,-8.055605,-34.951728
315,-8.055605,-34.951728
316,-8.055605,-34.951728
318,-8.055605,-34.951728
319,-8.055605,-34.951728
321,-8.055605,-34.951728
323,-8.055605,-34.951728
328,-8.055605,-34.951728
330,-8.055605,-34.951728
332,-8.055605,-34.951728
333,-8.055605,-34.951728
334,-8.055605,-34.951728
335,-8.055605,-34.951728
337,-8.055605,-34.951728
346,-8.055605,-34.951728
349,-8.055605,-34.951728
350,-8.055605,-34.951728
353,-8.055605,-34.951728
354,-8.055605,-34.951728
360,-8.055605,-34.951728
367,-8.055605,-34.951728
379,-8.055605,-34.951728
381,-8.055605,-34.951728
385,-8.055605,-34.951728
388,-8.055605,-34.951728
393,-8.055605,-34.951728
394,-8.055605,-34.951728
400,-8.055605,-34.951728
401,-8.055605,-34.951728
402,-8.055605,-34.951728
408,-8.055605,-34.951728
409,-8.055605,-34.951728
411,-8.055605,-34.951728
415,-8.055605,-34.951728
416,-8.055605,-34.951728
427,-8.055605,-34.951728
429,-8.055605,-34.951728
433,-8.055605,-34.951728
435,-8.055605,-34.951728
439,-8.055605,-34.951728
445,-8.055605,-34.951728
447,-8.055605,-34.951728
449,-8.055605,-34.951728
453,-8.055605,-34.951728
455,-8.055605,-34.951728
457,-8.055605,-34.951728
461,-8.055605,-34.951728
462,-8.055605,-34.951728
465,-8.055605,-34.951728
468,-8.055605,-34.951728
472,-8.055605,-34.951728
473,-8.055605,-34.951728
474,-8.055605,-34.951728
476,-8.055605,-34.951728
477,-8.055605,-34.951728
483,-8.055605,-34.951728
485,-8.055605,-34.951728
486,-8.055605,-34.951728
487,-8.055605,-34.951728
495,-8.055605,-34.951728
496,-8.055605,-34.951728
500,-8.055605,-34.951728
503,-8.055605,-34.951728
509,-8.055605,-34.951728
510,-8.055605,-34.951728
511,-8.055605,-34.951728
513,-8.055605,-34.951728
518,-8.055605,-34.951728
524,-8.055605,-34.951728
528,-8.055605,-34.951728
530,-8.055605,-34.951728
532,-8.055605,-34.951728
533,-8.055605,-34.951728
538,-8.055605,-34.951728
540,-8.055605,-34.951728
543,-8.055605,-34.951728
544,-8.055605,-34.951728
550,-8.055605,-34.951728
551,-8.055605,-34.951728
554,-8.055605,-34.951728
555,-8.055605,-34.951728
563,-8.055605,-34.951728
564,-8.055605,-34.951728
567,-8.055605,-34.951728
568,-8.055605,-34.951728
576,-8.055605,-34.951728
577,-8.055605,-34.951728
582,-8.055605,-34.951728
586,-8.055605,-34.951728
590,-8.055605,-34.951728
591,-8.055605,-34.951728
592,-8.055605,-34.951728
594,-8.055605,-34.951728
601,-8.055605,-34.951728
603,-8.055605,-34.951728
604,-8.055605,-34.951728
605,-8.055605,-34.951728
611,-8.055605,-34.951728
613,-8.055605,-34.951728
617,-8.055605,-34.951728
618,-8.055605,-34.951728
620,-8.055605,-34.951728
623,-8.055605,-34.951728
624,-8.055605,-34.951728
625,-8.055605,-34.951728
633,-8.055605,-34.951728
637,-8.055605,-34.951728
641,-8.055605,-34.951728
642,-8.055605,-34.951728
647,-8.055605,-34.951728
653,-8.055605,-34.951728
654,-8.055605,-34.951728
655,-8.055605,-34.951728
664,-8.055605,-34.951728
665,-8.055605,-34.951728
668,-8.055605,-34.951728
673,-8.055605,-34.951728
675,-8.055605,-34.951728
676,-8.055605,-34.951728
678,-8.055605,-34.951728
682,-8.055605,-34.951728
683,-8.055605,-34.951728
693,-8.055605,-34.951728
694,-8.055605,-34.951728
696,-8.055605,-34.951728
700,-8.055605,-34.951728
706,-8.055605,-34.951728
708,-8.055605,-34.951728
710,-8.055605,-34.951728
711,-8.055605,-34.951728
712,-8.055605,-34.951728
713,-8.055605,-34.951728
715,-8.055605,-34.951728
718,-8.055605,-34.951728
724,-8.055605,-34.951728
730,-8.055605,-34.951728
733,-8.055605,-34.951728
736,-8.055605,-34.951728
737,-8.055605,-34.951728
738,-8.055605,-34.951728
740,-8.055605,-34.951728
742,-8.055605,-34.951728
743,-8.055605,-34.951728
744,-8.055605,-34.951728
745,-8.055605,-34.951728
747,-8.055605,-34.951728
748,-8.055605,-34.951728
749,-8.055605,-34.951728
751,-8.055605,-34.951728
753,-8.055605,-34.951728
758,-8.055605,-34.951728
759,-8.055605,-34.951728
761,-8.055605,-34.951728
763,-8.055605,-34.951728
764,-8.055605,-34.951728
765,-8.055605,-34.951728
766,-8.055605,-34.951728
773,-8.055605,-34.951728
774,-8.055605,-34.951728
782,-8.055605,-34.951728
786,-8.055605,-34.951728
789,-8.055605,-34.951728
794,-8.055605,-34.951728
795,-8.055605,-34.951728
799,-8.055605,-34.951728
800,-8.05538,-34.951736
809,-8.05538,-34.951736
810,-8.05538,-34.951736
811,-8.05538,-34.951736
815,-8.05538,-34.951736
828,-8.05538,-34.951736
831,-8.05538,-34.951736
833,-8.05538,-34.951736
834,-8.05538,-34.951736
835,-8.05538,-34.951736
837,-8.05538,-34.951736
841,-8.05538,-34.951736
852,-8.05538,-34.951736
856,-8.05538,-34.951736
858,-8.05538,-34.951736
862,-8.05538,-34.951736
866,-8.05538,-34.951736
868,-8.05538,-34.951736
871,-8.05538,-34.951736
872,-8.05538,-34.951736
877,-8.05538,-34.951736
879,-8.05538,-34.951736
881,-8.05538,-34.951736
883,-8.05538,-34.951736
906,-8.05538,-34.951736
908,-8.05538,-34.951736
914,-8.05538,-34.951736
921,-8.05538,-34.951736
927,-8.05538,-34.951736
932,-8.05538,-34.951736
934,-8.05538,-34.951736
940,-8.05538,-34.951736
947,-8.05538,-34.951736
952,-8.05538,-34.951736
957,-8.05538,-34.951736
958,-8.05538,-34.951736
960,-8.05538,-34.951736
964,-8.05538,-34.951736
965,-8.05538,-34.951736
967,-8.05538,-34.951736
970,-8.05538,-34.951736
971,-8.05538,-34.951736
982,-8.05538,-34.951736
994,-8.05538,-34.951736
996,-8.05538,-34.951736
997,-8.05538,-34.951736
1002,-8.05538,-34.951736
1005,-8.05538,-34.951736
1009,-8.05538,-34.951736
1010,-8.05538,-34.951736
1017,-8.05538,-34.951736
1018,-8.05538,-34.951736
1020,-8.05538,-34.951736
1022,-8.05538,-34.951736
1025,-8.05538,-34.951736
1027,-8.05538,-34.951736
1034,-8.05538,-34.951736
1038,-8.05538,-34.951736
1042,-8.05538,-34.951736
1044,-8.05538,-34.951736
1046,-8.05538,-34.951736
1052,-8.05538,-34.951736
1053,-8.05538,-34.951736
1055,-8.05538,-34.951736
1056,-8.05538,-34.951736
1057,-8.05538,-34.951736
1061,-8.05538,-34.951736
1068,-8.05538,-34.951736
1071,-8.05538,-34.951736
1074,-8.05538,-34.951736
1075,-8.05538,-34.951736
1076,-8.05538,-34.951736
1078,-8.05538,-34.951736
1084,-8.05538,-34.951736
1087,-8.05538,-34.951736
1090,-8.05538,-34.951736
1095,-8.05538,-34.951736
1101,-8.05538,-34.951736
1103,-8.05538,-34.951736
1107,-8.05538,-34.951736
1108,-8.05538,-34.951736
1111,-8.05538,-34.951736
1112,-8.05538,-34.951736
1115,-8.05538,-34.951736
1123,-8.05538,-34.951736
1126,-8.05538,-34.951736
1127,-8.05538,-34.951736
1139,-8.05538,-34.951736
1142,-8.05538,-34.951736
1144,-8.05538,-34.951736
1145,-8.05538,-34.951736
1147,-8.05538,-34.951736
1149,-8.05538,-34.951736
1152,-8.05538,-34.951736
1153,-8.05538,-34.951736
1155,-8.05538,-34.951736
1156,-8.05538,-34.951736
1157,-8.05538,-34.951736
1162,-8.05538,-34.951736
1163,-8.05538,-34.951736
1166,-8.05538,-34.951736
1168,-8.05538,-34.951736
1172,-8.05538,-34.951736
1175,-8.05538,-34.951736
1176,-8.05538,-34.951736
1180,-8.05538,-34.951736
1183,-8.05538,-34.951736
1188,-8.05538,-34.951736
1193,-8.05538,-34.951736
1194,-8.05538,-34.951736
1195,-8.05538,-34.951736
1197,-8.05538,-34.951736
1199,-8.05538,-34.951736
1201,-8.05538,-34.951736
1204,-8.05538,-34.951736
1210,-8.05538,-34.951736
1217,-8.05538,-34.951736
1219,-8.05538,-34.951736
1220,-8.05538,-34.951736
1222,-8.05538,-34.951736
1224,-8.05538,-34.951736
1226,-8.05538,-34.951736
1233,-8.05538,-34.951736
1244,-8.05538,-34.951736
1245,-8.05538,-34.951736
1247,-8.05538,-34.951736
1250,-8.05538,-34.951736
1253,-8.05538,-34.951736
1254,-8.05538,-34.951736
1261,-8.05538,-34.951736
1263,-8.05538,-34.951736
1277,-8.05538,-34.951736
1278,-8.05538,-34.951736
1281,-8.05538,-34.951736
1282,-8.05538,-34.951736
1285,-8.05538,-34.951736
1287,-8.05538,-34.951736
1295,-8.05538,-34.951736
1297,-8.05538,-34.951736
1298,-8.05538,-34.951736
1310,-8.05538,-34.951736
1313,-8.05538,-34.951736
1314,-8.05538,-34.951736
1315,-8.05538,-34.951736
1318,-8.05538,-34.951736
1320,-8.05538,-34.951736
1322,-8.05538,-34.951736
1323,-8.05538,-34.951736
1328,-8.05538,-34.951736
1329,-8.05538,-34.951736
1330,-8.05538,-34.951736
1334,-8.05538,-34.951736
1339,-8.05538,-34.951736
1345,-8.05538,-34.951736
1346,-8.05538,-34.951736
1349,-8.05538,-34.951736
1354,-8.05538,-34.951736
1355,-8.05538,-34.951736
1359,-8.05538,-34.951736
1360,-8.05538,-34.951736
1369,-8.05538,-34.951736
1372,-8.05538,-34.951736
1373,-8.05538,-34.951736
1374,-8.05538,-34.951736
1379,-8.05538,-34.951736
1383,-8.05538,-34.951736
1385,-8.05538,-34.951736
1393,-8.05538,-34.951736
1396,-8.05538,-34.951736
1400,-8.05538,-34.951736
1402,-8.05538,-34.951736
1405,-8.05538,-34.951736
1406,-8.05538,-34.951736
1413,-8.05538,-34.951736
1414,-8.05538,-34.951736
1416,-8.05538,-34.951736
1417,-8.05538,-34.951736
1418,-8.05538,-34.951736
1420,-8.05538,-34.951736
1421,-8.05538,-34.951736
1426,-8.05538,-34.951736
1427,-8.05538,-34.951736
1429,-8.05538,-34.951736
1430,-8.05538,-34.951736
1432,-8.05538,-34.951736
1437,-8.05538,-34.951736
1438,-8.05538,-34.951736
1443,-8.05538,-34.951736
1446,-8.05538,-34.951736
1452,-8.05538,-34.951736
1453,-8.05538,-34.951736
1456,-8.05538,-34.951736
1458,-8.05538,-34.951736
1465,-8.05538,-34.951736
1467,-8.05538,-34.951736
1468,-8.05538,-34.951736
1470,-8.05538,-34.951736
1472,-8.05538,-34.951736
1477,-8.05538,-34.951736
1479,-8.05538,-34.951736
1480,-8.05538,-34.951736
1482,-8.05538,-34.951736
1483,-8.05538,-34.951736
1488,-8.05538,-34.951736
1491,-8.05538,-34.951736
1496,-8.05538,-34.951736
1501,-8.05538,-34.951736
1502,-8.05538,-34.951736
1509,-8.05538,-34.951736
1512,-8.05538,-34.951736
1513,-8.05538,-34.951736
1516,-8.05538,-34.951736
1527,-8.05538,-34.951736
1530,-8.05538,-34.951736
1532,-8.05538,-34.951736
1533,-8.05538,-34.951736
1535,-8.05538,-34.951736
1536,-8.05538,-34.951736
1543,-8.05538,-34.951736
1544,-8.05538,-34.951736
1545,-8.05538,-34.951736
1550,-8.05538,-34.951736
1557,-8.05538,-34.951736
1558,-8.05538,-34.951736
1559,-8.05538,-34.951736
1561,-8.05538,-34.951736
1562,-8.05538,-34.951736
1568,-8.05538,-34.951736
1569,-8.05538,-34.951736
1570,-8.05538,-34.951736
1575,-8.05538,-34.951736
1576,-8.05538,-34.951736
1578,-8.05538,-34.951736
1586,-8.05538,-34.951736
1593,-8.05538,-34.951736
1595,-8.05538,-34.951736
1597,-8.05538,-34.951736
1598,-8.05538,-34.951736
1599,-8.05538,-34.951736
1603,-8.05538,-34.951736
1606,-8.055494,-34.951316
1608,-8.055494,-34.951316
1614,-8.055494,-34.951316
1615,-8.055494,-34.951316
1616,-8.055494,-34.951316
1617,-8.055494,-34.951316
1618,-8.055494,-34.951316
1623,-8.055494,-34.951316
1626,-8.055494,-34.951316
1631,-8.055494,-34.951316
1642,-8.055494,-34.951316
1643,-8.055494,-34.951316
1649,-8.055494,-34.951316
1650,-8.055494,-34.951316
1656,-8.055494,-34.951316
1659,-8.055494,-34.951316
1662,-8.055494,-34.951316
1665,-8.055494,-34.951316
1670,-8.055494,-34.951316
1671,-8.055494,-34.951316
1672,-8.055494,-34.951316
1680,-8.055494,-34.951316
1683,-8.055494,-34.951316
1684,-8.055494,-34.951316
1688,-8.055494,-34.951316
1691,-8.055494,-34.951316
1699,-8.055494,-34.951316
1701,-8.055494,-34.951316
1713,-8.055494,-34.951316
1718,-8.055494,-34.951316
1720,-8.055494,-34.951316
1721,-8.055494,-34.951316
1726,-8.055494,-34.951316
1728,-8.055494,-34.951316
1729,-8.055494,-34.951316
1730,-8.055494,-34.951316
1731,-8.055494,-34.951316
1732,-8.055494,-34.951316
1737,-8.055494,-34.951316
1738,-8.055494,-34.951316
1739,-8.055494,-34.951316
1740,-8.055494,-34.951316
1741,-8.055494,-34.951316
1743,-8.055494,-34.951316
1744,-8.055494,-34.951316
1745,-8.055494,-34.951316
1746,-8.055494,-34.951316
1747,-8.055494,-34.951316
1758,-8.055494,-34.951316
1760,-8.055494,-34.951316
1765,-8.055494,-34.951316
1768,-8.055494,-34.951316
1770,-8.055494,-34.951316
1775,-8.055494,-34.951316
1777,-8.055494,-34.951316
1780,-8.055494,-34.951316
1783,-8.055494,-34.951316
1785,-8.055494,-34.951316
1790,-8.055494,-34.951316
1791,-8.055494,-34.951316
1793,-8.055494,-34.951316
1794,-8.055494,-34.951316
1803,-8.055494,-34.951316
1805,-8.055494,-34.951316
1807,-8.055494,-34.951316
1817,-8.055494,-34.951316
1825,-8.055494,-34.951316
1832,-8.055494,-34.951316
1833,-8.055494,-34.951316
1835,-8.055494,-34.951316
1839,-8.055494,-34.951316
1840,-8.055494,-34.951316
1844,-8.055494,-34.951316
1851,-8.055494,-34.951316
1860,-8.055494,-34.951316
1862,-8.055494,-34.951316
1864,-8.055494,-34.951316
1877,-8.055494,-34.951316
1880,-8.055494,-34.951316
1888,-8.055494,-34.951316
1891,-8.055494,-34.951316
1897,-8.055494,-34.951316
1915,-8.055494,-34.951316
1918,-8.055494,-34.951316
1919,-8.055494,-34.951316
1921,-8.055494,-34.951316
1922,-8.055494,-34.951316
1928,-8.055494,-34.951316
1934,-8.055494,-34.951316
1937,-8.055494,-34.951316
1941,-8.055494,-34.951316
1945,-8.055494,-34.951316
1952,-8.055494,-34.951316
1954,-8.055494,-34.951316
1957,-8.055494,-34.951316
1962,-8.055494,-34.951316
1963,-8.055494,-34.951316
1965,-8.055494,-34.951316
1971,-8.055494,-34.951316
1978,-8.055494,-34.951316
1981,-8.055494,-34.951316
1982,-8.055494,-34.951316
1989,-8.055494,-34.951316
1992,-8.055494,-34.951316
1995,-8.055494,-34.951316
2002,-8.055494,-34.951316
2004,-8.055494,-34.951316
2006,-8.055494,-34.951316
2008,-8.055494,-34.951316
2012,-8.055494,-34.951316
2013,-8.055494,-34.951316
2018,-8.055494,-34.951316
2022,-8.055494,-34.951316
2025,-8.055494,-34.951316
2029,-8.055494,-34.951316
2034,-8.055494,-34.951316
2036,-8.055494,-34.951316
2045,-8.055494,-34.951316
2055,-8.055494,-34.951316
2057,-8.055494,-34.951316
2058,-8.055494,-34.951316
2063,-8.055494,-34.951316
2067,-8.055494,-34.951316
2072,-8.055494,-34.951316
2075,-8.055494,-34.951316
2083,-8.055494,-34.951316
2084,-8.055494,-34.951316
2087,-8.055494,-34.951316
2088,-8.055494,-34.951316
2089,-8.055494,-34.951316
2094,-8.055494,-34.951316
2098,-8.055494,-34.951316
2107,-8.055494,-34.951316
2108,-8.055494,-34.951316
2109,-8.055494,-34.951316
2110,-8.055494,-34.951316
2111,-8.055494,-34.951316
2114,-8.055494,-34.951316
2115,-8.055494,-34.951316
2121,-8.055494,-34.951316
2122,-8.055494,-34.951316
2124,-8.055494,-34.951316
2127,-8.055494,-34.951316
2128,-8.055494,-34.951316
2129,-8.055494,-34.951316
2131,-8.055494,-34.951316
2132,-8.055494,-34.951316
2133,-8.055494,-34.951316
2134,-8.055494,-34.951316
2138,-8.055494,-34.951316
2142,-8.055494,-34.951316
2145,-8.055494,-34.951316
2149,-8.055494,-34.951316
2150,-8.055494,-34.951316
2152,-8.055494,-34.951316
2154,-8.055494,-34.951316
2157,-8.055494,-34.951316
2164,-8.055494,-34.951316
2165,-8.055494,-34.951316
2166,-8.055494,-34.951316
2167,-8.055494,-34.951316
2168,-8.055494,-34.951316
2175,-8.055494,-34.951316
2177,-8.055494,-34.951316
2183,-8.055494,-34.951316
2189,-8.055494,-34.951316
2191,-8.055494,-34.951316
2199,-8.055494,-34.951316
2210,-8.055494,-34.951316
2213,-8.055494,-34.951316
2214,-8.055494,-34.951316
2215,-8.055494,-34.951316
2221,-8.055494,-34.951316
2223,-8.055494,-34.951316
2225,-8.055494,-34.951316
2227,-8.055494,-34.951316
2228,-8.055494,-34.951316
2231,-8.055494,-34.951316
2232,-8.055494,-34.951316
2233,-8.055494,-34.951316
2234,-8.055494,-34.951316
2239,-8.055494,-34.951316
2245,-8.055494,-34.951316
2246,-8.055494,-34.951316
2248,-8.055494,-34.951316
2249,-8.055494,-34.951316
2251,-8.055494,-34.951316
2252,-8.055494,-34.951316
2254,-8.055494,-34.951316
2260,-8.055494,-34.951316
2268,-8.055494,-34.951316
2270,-8.055494,-34.951316
2272,-8.055494,-34.951316
2273,-8.055494,-34.951316
2275,-8.055494,-34.951316
2276,-8.055494,-34.951316
2286,-8.055494,-34.951316
2287,-8.055494,-34.951316
2288,-8.055494,-34.951316
2291,-8.055494,-34.951316
2299,-8.055494,-34.951316
2301,-8.055494,-34.951316
2302,-8.055494,-34.951316
2303,-8.055494,-34.951316
2304,-8.055494,-34.951316
2310,-8.055494,-34.951316
2312,-8.055494,-34.951316
2316,-8.055494,-34.951316
2319,-8.055494,-34.951316
2321,-8.055494,-34.951316
2328,-8.055494,-34.951316
2335,-8.055494,-34.951316
2337,-8.055494,-34.951316
2344,-8.055494,-34.951316
2348,-8.055494,-34.951316
2351,-8.055494,-34.951316
2354,-8.055494,-34.951316
2358,-8.055494,-34.951316
2362,-8.055684,-34.951331
2373,-8.055684,-34.951331
2375,-8.055684,-34.951331
2377,-8.055684,-34.951331
2388,-8.055684,-34.951331
2389,-8.055684,-34.951331
2392,-8.055684,-34.951331
2399,-8.055684,-34.951331
2404,-8.055684,-34.951331
2407,-8.055684,-34.951331
2412,-8.055684,-34.951331
2413,-8.055684,-34.951331
2417,-8.055684,-34.951331
2420,-8.055684,-34.951331
2423,-8.055684,-34.951331
2436,-8.055684,-34.951331
2439,-8.055684,-34.951331
2441,-8.055684,-34.951331
2446,-8.055684,-34.951331
2447,-8.055684,-34.951331
2453,-8.055684,-34.951331
2455,-8.055684,-34.951331
2456,-8.055684,-34.951331
2458,-8.055684,-34.951331
2464,-8.055684,-34.951331
2465,-8.055684,-34.951331
2470,-8.055684,-34.951331
2471,-8.055684,-34.951331
2473,-8.055684,-34.951331
2478,-8.055684,-34.951331
2483,-8.055684,-34.951331
2484,-8.055684,-34.951331
2485,-8.055684,-34.951331
2492,-8.055684,-34.951331
2498,-8.055684,-34.951331
2510,-8.055684,-34.951331
2513,-8.055684,-34.951331
2515,-8.055684,-34.951331
2516,-8.055684,-34.951331
2517,-8.055684,-34.951331
2519,-8.055684,-34.951331
2522,-8.055684,-34.951331
2523,-8.055684,-34.951331
2526,-8.055684,-34.951331
2531,-8.055684,-34.951331
2533,-8.055684,-34.951331
2534,-8.055684,-34.951331
2540,-8.055684,-34.951331
2542,-8.055684,-34.951331
2543,-8.055684,-34.951331
2554,-8.055684,-34.951331
2569,-8.055684,-34.951331
2571,-8.055684,-34.951331
2574,-8.055684,-34.951331
2576,-8.055684,-34.951331
2586,-8.055684,-34.951331
2588,-8.055684,-34.951331
2592,-8.055684,-34.951331
2602,-8.055684,-34.951331
2603,-8.055684,-34.951331
2605,-8.055684,-34.951331
2609,-8.055684,-34.951331
2611,-8.055684,-34.951331
2614,-8.055684,-34.951331
2615,-8.055684,-34.951331
2619,-8.055684,-34.951331
2620,-8.055684,-34.951331
2627,-8.055684,-34.951331
2628,-8.055684,-34.951331
2638,-8.055684,-34.951331
2648,-8.055684,-34.951331
2650,-8.055684,-34.951331
2651,-8.055684,-34.951331
2663,-8.055684,-34.951331
2664,-8.055684,-34.951331
2673,-8.055684,-34.951331
2678,-8.055684,-34.951331
2680,-8.055684,-34.951331
2682,-8.055684,-34.951331
2683,-8.055684,-34.951331
2684,-8.055684,-34.951331
2685,-8.055684,-34.951331
2688,-8.055684,-34.951331
2689,-8.055684,-34.951331
2691,-8.055684,-34.951331
2692,-8.055684,-34.951331
2697,-8.055684,-34.951331
2698,-8.055684,-34.951331
2701,-8.055684,-34.951331
2707,-8.055684,-34.951331
2715,-8.055684,-34.951331
2718,-8.055684,-34.951331
2724,-8.055684,-34.951331
2726,-8.055684,-34.951331
2729,-8.055684,-34.951331
2737,-8.055684,-34.951331
2742,-8.055684,-34.951331
2748,-8.055684,-34.951331
2750,-8.055684,-34.951331
2751,-8.055684,-34.951331
2753,-8.055684,-34.951331
2754,-8.055684,-34.951331
2755,-8.055684,-34.951331
2758,-8.055684,-34.951331
2759,-8.055684,-34.951331
2760,-8.055684,-34.951331
2762,-8.055684,-34.951331
2766,-8.055684,-34.951331
2769,-8.055684,-34.951331
2770,-8.055684,-34.951331
2771,-8.055684,-34.951331
2777,-8.055684,-34.951331
2794,-8.055684,-34.951331
2802,-8.055684,-34.951331
2807,-8.055684,-34.951331
2816,-8.055684,-34.951331
2818,-8.055684,-34.951331
2820,-8.055684,-34.951331
2825,-8.055684,-34.951331
2826,-8.055684,-34.951331
2833,-8.055684,-34.951331
2835,-8.055684,-34.951331
2840,-8.055684,-34.951331
2846,-8.055684,-34.951331
2848,-8.055684,-34.951331
2855,-8.055684,-34.951331
2858,-8.055684,-34.951331
2859,-8.055684,-34.951331
2862,-8.055684,-34.951331
2864,-8.055684,-34.951331
2865,-8.055684,-34.951331
2867,-8.055684,-34.951331
2868,-8.055684,-34.951331
2870,-8.055684,-34.951331
2874,-8.055684,-34.951331
2876,-8.055684,-34.951331
2880,-8.055684,-34.951331
2882,-8.055684,-34.951331
2883,-8.055684,-34.951331
2884,-8.055684,-34.951331
2885,-8.055684,-34.951331
2886,-8.055684,-34.951331
2894,-8.055684,-34.951331
2903,-8.055684,-34.951331
2905,-8.055684,-34.951331
2906,-8.055684,-34.951331
2907,-8.055684,-34.951331
2908,-8.055684,-34.951331
2910,-8.055684,-34.951331
2913,-8.055684,-34.951331
2922,-8.055684,-34.951331
2926,-8.055684,-34.951331
2927,-8.055684,-34.951331
2930,-8.055684,-34.951331
2932,-8.055684,-34.951331
2935,-8.055684,-34.951331
2943,-8.055684,-34.951331
2945,-8.055684,-34.951331
2948,-8.055684,-34.951331
2954,-8.055684,-34.951331
2955,-8.055684,-34.951331
2956,-8.055684,-34.951331
2957,-8.055684,-34.951331
2960,-8.055684,-34.951331
2963,-8.055684,-34.951331
2968,-8.055684,-34.951331
2970,-8.055684,-34.951331
2973,-8.055684,-34.951331
2982,-8.055684,-34.951331
2991,-8.055684,-34.951331
2995,-8.055684,-34.951331
2997,-8.055684,-34.951331
3000,-8.055684,-34.951331
3001,-8.055684,-34.951331
3002,-8.055684,-34.951331
3006,-8.055684,-34.951331
3007,-8.055684,-34.951331
3011,-8.055684,-34.951331
3014,-8.055684,-34.951331
3016,-8.055684,-34.951331
3017,-8.055684,-34.951331
3018,-8.055684,-34.951331
3019,-8.055684,-34.951331
3021,-8.055684,-34.951331
3023,-8.055684,-34.951331
3024,-8.055684,-34.951331
3025,-8.055833999999999,-34.951362
3026,-8.055833999999999,-34.951362
3027,-8.055833999999999,-34.951362
3031,-8.055833999999999,-34.951362
3032,-8.055833999999999,-34.951362
3033,-8.055833999999999,-34.951362
3035,-8.055833999999999,-34.951362
3037,-8.055833999999999,-34.951362
3038,-8.055833999999999,-34.951362
3043,-8.055833999999999,-34.951362
3044,-8.055833999999999,-34.951362
3045,-8.055833999999999,-34.951362
3047,-8.055833999999999,-34.951362
3050,-8.055833999999999,-34.951362
3053,-8.055833999999999,-34.951362
3055,-8.055833999999999,-34.951362
3057,-8.055833999999999,-34.951362
3058,-8.055833999999999,-34.951362
3059,-8.055833999999999,-34.951362
3060,-8.055833999999999,-34.951362
3063,-8.055833999999999,-34.951362
3064,-8.055833999999999,-34.951362
3065,-8.055833999999999,-34.951362
3070,-8.055833999999999,-34.951362
3071,-8.055833999999999,-34.951362
3077,-8.055833999999999,-34.951362
3078,-8.055833999999999,-34.951362
3079,-8.055833999999999,-34.951362
3080,-8.055833999999999,-34.951362
3082,-8.055833999999999,-34.951362
3085,-8.055833999999999,-34.951362
3090,-8.055833999999999,-34.951362
3091,-8.055833999999999,-34.951362
3094,-8.055833999999999,-34.951362
3095,-8.055833999999999,-34.951362
3100,-8.055833999999999,-34.951362
3101,-8.055833999999999,-34.951362
3105,-8.055833999999999,-34.951362
3107,-8.055833999999999,-34.951362
3111,-8.055833999999999,-34.951362
3114,-8.055833999999999,-34.951362
3118,-8.055833999999999,-34.951362
3122,-8.055833999999999,-34.951362
3123,-8.055833999999999,-34.951362
3125,-8.055833999999999,-34.951362
3127,-8.055833999999999,-34.951362
3128,-8.055833999999999,-34.951362
3130,-8.055833999999999,-34.951362
3131,-8.055833999999999,-34.951362
3133,-8.055833999999999,-34.951362
3142,-8.055833999999999,-34.951362
3143,-8.055833999999999,-34.951362
3145,-8.055833999999999,-34.951362
3146,-8.055833999999999,-34.951362
3149,-8.055833999999999,-34.951362
3151,-8.055833999999999,-34.951362
3153,-8.055833999999999,-34.951362
3154,-8.055833999999999,-34.951362
3165,-8.055833999999999,-34.951362
3172,-8.055833999999999,-34.951362
3181,-8.055833999999999,-34.951362
3184,-8.055833999999999,-34.951362
3185,-8.055833999999999,-34.951362
3187,-8.055833999999999,-34.951362
3194,-8.055833999999999,-34.951362
3202,-8.055833999999999,-34.951362
3204,-8.055833999999999,-34.951362
3205,-8.055833999999999,-34.951362
3206,-8.055833999999999,-34.951362
3207,-8.055833999999999,-34.951362
3208,-8.055833999999999,-34.951362
3209,-8.055833999999999,-34.951362
3210,-8.055833999999999,-34.951362
3231,-8.055833999999999,-34.951362
3233,-8.055833999999999,-34.951362
3238,-8.055833999999999,-34.951362
3244,-8.055833999999999,-34.951362
3245,-8.055833999999999,-34.951362
3251,-8.055833999999999,-34.951362
3257,-8.055833999999999,-34.951362
3263,-8.055833999999999,-34.951362
3265,-8.055833999999999,-34.951362
3269,-8.055833999999999,-34.951362
3279,-8.055833999999999,-34.951362
3281,-8.055833999999999,-34.951362
3282,-8.055833999999999,-34.951362
3283,-8.055833999999999,-34.951362
3284,-8.055833999999999,-34.951362
3290,-8.055833999999999,-34.951362
3295,-8.055833999999999,-34.951362
3297,-8.055833999999999,-34.951362
3298,-8.055833999999999,-34.951362
3299,-8.055833999999999,-34.951362
3305,-8.055833999999999,-34.951362
3307,-8.055833999999999,-34.951362
3309,-8.055833999999999,-34.951362
3312,-8.055833999999999,-34.951362
3314,-8.055833999999999,-34.951362
3316,-8.055833999999999,-34.951362
3319,-8.055833999999999,-34.951362
3320,-8.055833999999999,-34.951362
3325,-8.055833999999999,-34.951362
3328,-8.055833999999999,-34.951362
3329,-8.055833999999999,-34.951362
3333,-8.055833999999999,-34.951362
3334,-8.055506,-34.951693
3337,-8.055833999999999,-34.951362
3344,-8.055833999999999,-34.951362
3350,-8.055833999999999,-34.951362
3353,-8.055833999999999,-34.951362
3355,-8.055833999999999,-34.951362
3375,-8.055833999999999,-34.951362
3378,-8.055833999999999,-34.951362
3379,-8.055833999999999,-34.951362
3381,-8.055833999999999,-34.951362
3383,-8.055833999999999,-34.951362
3387,-8.055833999999999,-34.951362
3392,-8.055833999999999,-34.951362
3393,-8.055833999999999,-34.951362
3396,-8.055833999999999,-34.951362
3400,-8.055833999999999,-34.951362
3401,-8.055833999999999,-34.951362
3405,-8.055833999999999,-34.951362
3410,-8.055833999999999,-34.951362
3412,-8.055833999999999,-34.951362
3413,-8.055833999999999,-34.951362
3418,-8.055833999999999,-34.951362
3422,-8.055833999999999,-34.951362
3424,-8.055833999999999,-34.951362
3428,-8.055833999999999,-34.951362
3433,-8.055833999999999,-34.951362
3434,-8.055833999999999,-34.951362
3437,-8.055833999999999,-34.951362
3438,-8.055833999999999,-34.951362
3443,-8.055833999999999,-34.951362
3448,-8.055833999999999,-34.951362
3455,-8.055833999999999,-34.951362
3457,-8.055833999999999,-34.951362
3458,-8.055833999999999,-34.951362
3459,-8.055833999999999,-34.951362
3460,-8.055833999999999,-34.951362
3463,-8.055833999999999,-34.951362
3464,-8.055833999999999,-34.951362
3465,-8.055833999999999,-34.951362
3467,-8.055833999999999,-34.951362
3469,-8.055833999999999,-34.951362
3470,-8.055833999999999,-34.951362
3473,-8.055833999999999,-34.951362
3481,-8.055833999999999,-34.951362
3482,-8.055833999999999,-34.951362
3495,-8.055833999999999,-34.951362
3497,-8.055833999999999,-34.951362
3501,-8.055833999999999,-34.951362
3502,-8.055833999999999,-34.951362
3509,-8.055833999999999,-34.951362
3518,-8.055833999999999,-34.951362
3526,-8.055833999999999,-34.951362
3527,-8.055833999999999,-34.951362
3528,-8.055833999999999,-34.951362
3529,-8.055833999999999,-34.951362
3532,-8.055833999999999,-34.951362
3533,-8.055833999999999,-34.951362
3534,-8.055833999999999,-34.951362
3535,-8.055833999999999,-34.951362
3538,-8.055833999999999,-34.951362
3541,-8.055833999999999,-34.951362
3542,-8.055833999999999,-34.951362
3543,-8.055833999999999,-34.951362
3548,-8.055833999999999,-34.951362
3550,-8.055833999999999,-34.951362
3555,-8.055833999999999,-34.951362
3566,-8.055833999999999,-34.951362
3570,-8.055833999999999,-34.951362
3574,-8.055833999999999,-34.951362
3577,-8.055833999999999,-34.951362
3578,-8.055833999999999,-34.951362
3582,-8.055833999999999,-34.951362
3592,-8.055833999999999,-34.951362
3593,-8.055833999999999,-34.951362
3597,-8.055833999999999,-34.951362
3601,-8.055833999999999,-34.951362
3605,-8.055833999999999,-34.951362
3608,-8.055833999999999,-34.951362
3609,-8.055833999999999,-34.951362
3614,-8.055833999999999,-34.951362
3615,-8.055833999999999,-34.951362
3617,-8.055833999999999,-34.951362
3621,-8.055833999999999,-34.951362
3624,-8.055833999999999,-34.951362
3625,-8.055833999999999,-34.951362
3639,-8.055833999999999,-34.951362
3643,-8.055833999999999,-34.951362
3647,-8.055424,-34.951597
3649,-8.055424,-34.951597
3651,-8.055424,-34.951597
3653,-8.055424,-34.951597
3656,-8.055424,-34.951597
3661,-8.055424,-34.951597
3662,-8.055424,-34.951597
3666,-8.055424,-34.951597
3677,-8.055424,-34.951597
3685,-8.055424,-34.951597
3686,-8.055424,-34.951597
3688,-8.055424,-34.951597
3689,-8.055424,-34.951597
3692,-8.055424,-34.951597
3693,-8.055424,-34.951597
3698,-8.055424,-34.951597
3703,-8.055424,-34.951597
3704,-8.055424,-34.951597
3706,-8.055424,-34.951597
3707,-8.055424,-34.951597
3708,-8.055424,-34.951597
3710,-8.055424,-34.951597
3717,-8.055424,-34.951597
3720,-8.055424,-34.951597
3721,-8.055424,-34.951597
3723,-8.055424,-34.951597
3739,-8.055424,-34.951597
3742,-8.055424,-34.951597
3745,-8.055424,-34.951597
3746,-8.055424,-34.951597
3749,-8.055424,-34.951597
3753,-8.055424,-34.951597
3755,-8.055424,-34.951597
3767,-8.055424,-34.951597
3768,-8.055424,-34.951597
3771,-8.055424,-34.951597
3772,-8.055424,-34.951597
3773,-8.055424,-34.951597
3774,-8.055424,-34.951597
3776,-8.055424,-34.951597
3777,-8.055424,-34.951597
3780,-8.055424,-34.951597
3781,-8.055424,-34.951597
3782,-8.055424,-34.951597
3784,-8.055424,-34.951597
3787,-8.055424,-34.951597
3794,-8.055424,-34.951597
3799,-8.055424,-34.951597
3803,-8.055424,-34.951597
3817,-8.055424,-34.951597
3819,-8.055424,-34.951597
3820,-8.055424,-34.951597
3826,-8.055424,-34.951597
3827,-8.055424,-34.951597
3834,-8.055424,-34.951597
3837,-8.055424,-34.951597
3838,-8.055424,-34.951597
3842,-8.055424,-34.951597
3846,-8.055424,-34.951597
3852,-8.055424,-34.951597
3853,-8.055424,-34.951597
3855,-8.055424,-34.951597
3857,-8.055424,-34.951597
3859,-8.055424,-34.951597
3860,-8.055424,-34.951597
3862,-8.055424,-34.951597
3869,-8.055424,-34.951597
3880,-8.055424,-34.951597
3885,-8.055424,-34.951597
3887,-8.055424,-34.951597
3889,-8.055424,-34.951597
3891,-8.055424,-34.951597
3894,-8.055424,-34.951597
3898,-8.055424,-34.951597
3902,-8.055424,-34.951597
3903,-8.055424,-34.951597
3905,-8.055424,-34.951597
3909,-8.055424,-34.951597
3910,-8.055424,-34.951597
3914,-8.055424,-34.951597
3934,-8.055424,-34.951597
3937,-8.055424,-34.951597
3941,-8.055424,-34.951597
3942,-8.055424,-34.951597
3945,-8.055424,-34.951597
3946,-8.055424,-34.951597
3949,-8.055424,-34.951597
3956,-8.055424,-34.951597
3960,-8.055424,-34.951597
3963,-8.055424,-34.951597
3964,-8.055424,-34.951597
3971,-8.055424,-34.951597
3973,-8.055424,-34.951597
3979,-8.055424,-34.951597
3984,-8.055424,-34.951597
3989,-8.055424,-34.951597
3992,-8.055424,-34.951597
3994,-8.055424,-34.951597
3995,-8.055424,-34.951597
3997,-8.055424,-34.951597
3999,-8.055424,-34.951597
4001,-8.055424,-34.951597
4002,-8.055424,-34.951597
4003,-8.055424,-34.951597
4004,-8.055424,-34.951597
4007,-8.055424,-34.951597
4010,-8.055424,-34.951597
4012,-8.055424,-34.951597
4022,-8.055424,-34.951597
4028,-8.055424,-34.951597
4029,-8.055424,-34.951597
4030,-8.055424,-34.951597
4032,-8.055424,-34.951597
4035,-8.055424,-34.951597
4038,-8.055424,-34.951597
4043,-8.055424,-34.951597
4046,-8.055424,-34.951597
4047,-8.055424,-34.951597
4050,-8.055424,-34.951597
4056,-8.055424,-34.951597
4057,-8.055424,-34.951597
4058,-8.055424,-34.951597
4060,-8.055424,-34.951597
4062,-8.055424,-34.951597
4064,-8.055424,-34.951597
4067,-8.055424,-34.951597
4075,-8.055424,-34.951597
4076,-8.055424,-34.951597
4077,-8.055424,-34.951597
4078,-8.055424,-34.951597
4080,-8.055424,-34.951597
4085,-8.055424,-34.951597
4087,-8.055424,-34.951597
4091,-8.055424,-34.951597
4092,-8.055424,-34.951597
4099,-8.055424,-34.951597
4100,-8.055424,-34.951597
4102,-8.055424,-34.951597
4103,-8.055424,-34.951597
4110,-8.055424,-34.951597
4112,-8.055424,-34.951597
4113,-8.055424,-34.951597
4115,-8.055424,-34.951597
4119,-8.055424,-34.951597
4121,-8.055424,-34.951597
4127,-8.055424,-34.951597
4129,-8.055424,-34.951597
4140,-8.055424,-34.951597
4141,-8.055424,-34.951597
4148,-8.055424,-34.951597
4151,-8.055424,-34.951597
4156,-8.055424,-34.951597
4157,-8.055424,-34.951597
4161,-8.055424,-34.951597
4162,-8.055424,-34.951597
4165,-8.055424,-34.951597
4169,-8.055424,-34.951597
4176,-8.055424,-34.951597
4185,-8.055424,-34.951597
4189,-8.055424,-34.951597
4190,-8.055424,-34.951597
4191,-8.055424,-34.951597
4192,-8.055424,-34.951597
4194,-8.055424,-34.951597
4196,-8.055424,-34.951597
4201,-8.055424,-34.951597
4202,-8.055424,-34.951597
4205,-8.055424,-34.951597
4209,-8.055424,-34.951597
4215,-8.055424,-34.951597
4217,-8.055424,-34.951597
4220,-8.055424,-34.951597
4222,-8.055424,-34.951597
4226,-8.055424,-34.951597
4229,-8.055424,-34.951597
4230,-8.055424,-34.951597
4233,-8.055424,-34.951597
4237,-8.055424,-34.951597
4238,-8.055424,-34.951597
4239,-8.055424,-34.951597
4245,-8.055424,-34.951597
4246,-8.055424,-34.951597
4248,-8.055424,-34.951597
4250,-8.055424,-34.951597
4252,-8.055424,-34.951597
4254,-8.055424,-34.951597
4264,-8.055424,-34.951597
4267,-8.055424,-34.951597
4273,-8.055424,-34.951597
4275,-8.055424,-34.951597
4279,-8.055424,-34.951597
4284,-8.055424,-34.951597
4288,-8.055424,-34.951597
4295,-8.055424,-34.951597
4296,-8.055424,-34.951597
4301,-8.055424,-34.951597
4303,-8.055424,-34.951597
4304,-8.055424,-34.951597
4306,-8.055424,-34.951597
4313,-8.055424,-34.951597
4317,-8.055424,-34.951597
4319,-8.055424,-34.951597
4321,-8.055424,-34.951597
4323,-8.055424,-34.951597
4326,-8.055424,-34.951597
4329,-8.055424,-34.951597
4333,-8.055424,-34.951597
4335,-8.055424,-34.951597
4336,-8.055424,-34.951597
4337,-8.055424,-34.951597
4338,-8.055424,-34.951597
4339,-8.055424,-34.951597
4341,-8.055424,-34.951597
4342,-8.055424,-34.951597
4343,-8.055424,-34.951597
4345,-8.055424,-34.951597
4348,-8.055424,-34.951597
4352,-8.055424,-34.951597
4353,-8.055424,-34.951597
4355,-8.055424,-34.951597
4359,-8.055424,-34.951597
4362,-8.055424,-34.951597
4366,-8.055424,-34.951597
4367,-8.055424,-34.951597
4368,-8.055424,-34.951597
4371,-8.055424,-34.951597
4372,-8.055424,-34.951597
4374,-8.055424,-34.951597
4377,-8.055506,-34.951693
4382,-8.055506,-34.951693
4385,-8.055506,-34.951693
4386,-8.055506,-34.951693
4387,-8.055506,-34.951693
4392,-8.055506,-34.951693
4393,-8.055506,-34.951693
4394,-8.055506,-34.951693
4397,-8.055506,-34.951693
4401,-8.055506,-34.951693
4407,-8.055506,-34.951693
4411,-8.055506,-34.951693
4412,-8.055506,-34.951693
4414,-8.055506,-34.951693
4415,-8.055506,-34.951693
4420,-8.055506,-34.951693
4423,-8.055506,-34.951693
4427,-8.055506,-34.951693
4428,-8.055506,-34.951693
4429,-8.055506,-34.951693
4436,-8.055506,-34.951693
4441,-8.055506,-34.951693
4447,-8.055506,-34.951693
4450,-8.055506,-34.951693
4463,-8.055506,-34.951693
4464,-8.055506,-34.951693
4466,-8.055506,-34.951693
4467,-8.055506,-34.951693
4469,-8.055506,-34.951693
4472,-8.055506,-34.951693
4474,-8.055506,-34.951693
4475,-8.055506,-34.951693
4483,-8.055506,-34.951693
4484,-8.055506,-34.951693
4489,-8.055506,-34.951693
4503,-8.055506,-34.951693
4504,-8.055506,-34.951693
4509,-8.055506,-34.951693
4513,-8.055506,-34.951693
4514,-8.055506,-34.951693
4518,-8.055506,-34.951693
4522,-8.055506,-34.951693
4525,-8.055506,-34.951693
4527,-8.055506,-34.951693
4528,-8.055506,-34.951693
4532,-8.055506,-34.951693
4533,-8.055506,-34.951693
4534,-8.055506,-34.951693
4535,-8.055506,-34.951693
4537,-8.055506,-34.951693
4539,-8.055506,-34.951693
4541,-8.055506,-34.951693
4549,-8.055506,-34.951693
4553,-8.055506,-34.951693
4554,-8.055506,-34.951693
4556,-8.055506,-34.951693
4560,-8.055506,-34.951693
4567,-8.055506,-34.951693
4572,-8.055506,-34.951693
4574,-8.055506,-34.951693
4575,-8.055506,-34.951693
4580,-8.055506,-34.951693
4582,-8.055506,-34.951693
4584,-8.055506,-34.951693
4586,-8.055506,-34.951693
4587,-8.055506,-34.951693
4588,-8.055506,-34.951693
4593,-8.055506,-34.951693
4597,-8.055506,-34.951693
4602,-8.055506,-34.951693
4604,-8.055506,-34.951693
4606,-8.055506,-34.951693
4608,-8.055506,-34.951693
4609,-8.055506,-34.951693
4610,-8.055506,-34.951693
4613,-8.055506,-34.951693
4617,-8.055506,-34.951693
4618,-8.055506,-34.951693
4622,-8.055506,-34.951693
4623,-8.055506,-34.951693
4626,-8.055506,-34.951693
4629,-8.055506,-34.951693
4630,-8.055506,-34.951693
4634,-8.055506,-34.951693
4635,-8.055506,-34.951693
4638,-8.055506,-34.951693
4639,-8.055506,-34.951693
4640,-8.055506,-34.951693
4645,-8.055506,-34.951693
4649,-8.055506,-34.951693
4651,-8.055506,-34.951693
4657,-8.055506,-34.951693
4671,-8.055506,-34.951693
4680,-8.055506,-34.951693
4681,-8.055506,-34.951693
4682,-8.055506,-34.951693
4693,-8.055506,-34.951693
4695,-8.055506,-34.951693
4696,-8.055506,-34.951693
4700,-8.055506,-34.951693
4701,-8.055506,-34.951693
4704,-8.055506,-34.951693
4706,-8.055506,-34.951693
4707,-8.055506,-34.951693
4708,-8.055506,-34.951693
4709,-8.055506,-34.951693
4710,-8.055506,-34.951693
4715,-8.055506,-34.951693
4730,-8.055506,-34.951693
4731,-8.055506,-34.951693
4734,-8.055506,-34.951693
4738,-8.055506,-34.951693
4740,-8.055506,-34.951693
4747,-8.055506,-34.951693
4750,-8.055506,-34.951693
4751,-8.055506,-34.951693
4755,-8.055506,-34.951693
4756,-8.055506,-34.951693
4759,-8.055506,-34.951693
4765,-8.055506,-34.951693
4766,-8.055506,-34.951693
4770,-8.055506,-34.951693
4773,-8.055506,-34.951693
4775,-8.055506,-34.951693
4779,-8.055506,-34.951693
4782,-8.055506,-34.951693
4786,-8.055506,-34.951693
4793,-8.055506,-34.951693
4794,-8.055506,-34.951693
4797,-8.055506,-34.951693
4801,-8.055506,-34.951693
4802,-8.055506,-34.951693
4803,-8.055506,-34.951693
4807,-8.055506,-34.951693
4812,-8.055506,-34.951693
4813,-8.055506,-34.951693
4816,-8.055506,-34.951693
4822,-8.055506,-34.951693
4826,-8.055506,-34.951693
4827,-8.055506,-34.951693
4828,-8.055506,-34.951693
4830,-8.055506,-34.951693
4833,-8.055506,-34.951693
4834,-8.055506,-34.951693
4836,-8.055506,-34.951693
4838,-8.055506,-34.951693
4842,-8.055506,-34.951693
4843,-8.055506,-34.951693
4844,-8.055506,-34.951693
4845,-8.055506,-34.951693
4848,-8.055506,-34.951693
4861,-8.055506,-34.951693
4864,-8.055506,-34.951693
4867,-8.055506,-34.951693
4868,-8.055506,-34.951693
4872,-8.055506,-34.951693
4880,-8.055506,-34.951693
4881,-8.055506,-34.951693
4890,-8.055506,-34.951693
4894,-8.055506,-34.951693
4898,-8.055506,-34.951693
4899,-8.055506,-34.951693
4900,-8.055506,-34.951693
4901,-8.055506,-34.951693
4902,-8.055506,-34.951693
4905,-8.055506,-34.951693
4907,-8.055506,-34.951693
4908,-8.055506,-34.951693
4913,-8.055506,-34.951693
4914,-8.055506,-34.951693
4921,-8.055506,-34.951693
4923,-8.055506,-34.951693
4924,-8.055506,-34.951693
4925,-8.055506,-34.951693
4929,-8.055506,-34.951693
4932,-8.055506,-34.951693
4934,-8.055506,-34.951693
4949,-8.055506,-34.951693
4950,-8.055506,-34.951693
4952,-8.055506,-34.951693
4961,-8.055506,-34.951693
4963,-8.055506,-34.951693
4977,-8.055506,-34.951693
4981,-8.055506,-34.951693
4982,-8.055506,-34.951693
4983,-8.055506,-34.951693
4988,-8.055506,-34.951693
4989,-8.055506,-34.951693
4993,-8.055506,-34.951693
4995,-8.055506,-34.951693
4996,-8.055506,-34.951693
5011,-8.055506,-34.951693
5012,-8.055506,-34.951693
5013,-8.055506,-34.951693
5015,-8.055506,-34.951693
5019,-8.055506,-34.951693
5021,-8.055506,-34.951693
5022,-8.055506,-34.951693
5023,-8.055506,-34.951693
5026,-8.055506,-34.951693
5027,-8.055506,-34.951693
5028,-8.055506,-34.951693
5030,-8.055506,-34.951693
5032,-8.055506,-34.951693
5033,-8.055506,-34.951693
5034,-8.055506,-34.951693
5035,-8.055506,-34.951693
5040,-8.055506,-34.951693
5048,-8.055506,-34.951693
5053,-8.055506,-34.951693
5058,-8.055506,-34.951693
5060,-8.055506,-34.951693
5064,-8.055506,-34.951693
5065,-8.055506,-34.951693
5067,-8.055506,-34.951693
5071,-8.055784,-34.951608
5074,-8.055784,-34.951608
5076,-8.055784,-34.951608
5082,-8.055784,-34.951608
5092,-8.055784,-34.951608
5095,-8.055784,-34.951608
5096,-8.055784,-34.951608
5098,-8.055784,-34.951608
5111,-8.055784,-34.951608
5112,-8.055784,-34.951608
5114,-8.055784,-34.951608
5120,-8.055784,-34.951608
5135,-8.055784,-34.951608
5137,-8.055784,-34.951608
5140,-8.055784,-34.951608
5143,-8.055784,-34.951608
5144,-8.055784,-34.951608
5145,-8.055784,-34.951608
5146,-8.055784,-34.951608
5152,-8.055784,-34.951608
5155,-8.055784,-34.951608
5156,-8.055784,-34.951608
5157,-8.055784,-34.951608
5162,-8.055784,-34.951608
5164,-8.055784,-34.951608
5167,-8.055784,-34.951608
5171,-8.055784,-34.951608
5180,-8.055784,-34.951608
5183,-8.055784,-34.951608
5186,-8.055784,-34.951608
5192,-8.055784,-34.951608
5193,-8.055784,-34.951608
5197,-8.055784,-34.951608
5205,-8.055784,-34.951608
5206,-8.055784,-34.951608
5211,-8.055784,-34.951608
5213,-8.055784,-34.951608
5214,-8.055784,-34.951608
5215,-8.055784,-34.951608
5216,-8.055784,-34.951608
5217,-8.055784,-34.951608
5221,-8.055784,-34.951608
5224,-8.055784,-34.951608
5226,-8.055784,-34.951608
5228,-8.055784,-34.951608
5229,-8.055784,-34.951608
5234,-8.055784,-34.951608
5244,-8.055784,-34.951608
5245,-8.055784,-34.951608
5246,-8.055784,-34.951608
5247,-8.055784,-34.951608
5254,-8.055784,-34.951608
5257,-8.055784,-34.951608
5262,-8.055784,-34.951608
5264,-8.055784,-34.951608
5266,-8.055784,-34.951608
5271,-8.055784,-34.951608
5274,-8.055784,-34.951608
5277,-8.055784,-34.951608
5278,-8.055784,-34.951608
5281,-8.055784,-34.951608
5282,-8.055784,-34.951608
5283,-8.055784,-34.951608
5284,-8.055784,-34.951608
5288,-8.055784,-34.951608
5289,-8.055784,-34.951608
5290,-8.055784,-34.951608
5292,-8.055784,-34.951608
5296,-8.055784,-34.951608
5300,-8.055784,-34.951608
5303,-8.055784,-34.951608
5306,-8.055784,-34.951608
5307,-8.055784,-34.951608
5308,-8.055784,-34.951608
5312,-8.055784,-34.951608
5314,-8.055784,-34.951608
5318,-8.055784,-34.951608
5321,-8.055784,-34.951608
5323,-8.055784,-34.951608
5324,-8.055784,-34.951608
5328,-8.055784,-34.951608
5336,-8.055784,-34.951608
5338,-8.055784,-34.951608
5339,-8.055784,-34.951608
5340,-8.055784,-34.951608
5349,-8.055784,-34.951608
5350,-8.055784,-34.951608
5353,-8.055784,-34.951608
5354,-8.055784,-34.951608
5357,-8.055784,-34.951608
5358,-8.055784,-34.951608
5360,-8.055784,-34.951608
5361,-8.055784,-34.951608
5362,-8.055784,-34.951608
5364,-8.055784,-34.951608
5365,-8.055784,-34.951608
5368,-8.055784,-34.951608
5371,-8.055784,-34.951608
5375,-8.055784,-34.951608
5377,-8.055784,-34.951608
5378,-8.055784,-34.951608
5379,-8.055784,-34.951608
5381,-8.055784,-34.951608
5384,-8.055784,-34.951608
5386,-8.055784,-34.951608
5388,-8.055784,-34.951608
5389,-8.055784,-34.951608
5391,-8.055784,-34.951608
5396,-8.055784,-34.951608
5399,-8.055784,-34.951608
5400,-8.055784,-34.951608
5402,-8.055784,-34.951608
5404,-8.055784,-34.951608
5405,-8.055784,-34.951608
5407,-8.055784,-34.951608
5414,-8.055784,-34.951608
5417,-8.055784,-34.951608
5418,-8.055784,-34.951608
5419,-8.055784,-34.951608
5425,-8.055784,-34.951608
5426,-8.055784,-34.951608
5427,-8.055784,-34.951608
5430,-8.055784,-34.951608
5431,-8.055784,-34.951608
5434,-8.055784,-34.951608
5436,-8.055784,-34.951608
5437,-8.055784,-34.951608
5447,-8.055784,-34.951608
5457,-8.055784,-34.951608
5458,-8.055784,-34.951608
5459,-8.055784,-34.951608
5460,-8.055784,-34.951608
5464,-8.055784,-34.951608
5465,-8.055784,-34.951608
5471,-8.055784,-34.951608
5473,-8.055784,-34.951608
5478,-8.055784,-34.951608
5479,-8.055784,-34.951608
5484,-8.055784,-34.951608
5487,-8.055784,-34.951608
5489,-8.055784,-34.951608
5492,-8.055784,-34.951608
5493,-8.055784,-34.951608
5496,-8.055784,-34.951608
5500,-8.055784,-34.951608
5502,-8.055784,-34.951608
5506,-8.055784,-34.951608
5508,-8.055784,-34.951608
5529,-8.055784,-34.951608
5531,-8.055784,-34.951608
5537,-8.055784,-34.951608
5538,-8.055784,-34.951608
5544,-8.055784,-34.951608
5547,-8.055784,-34.951608
5551,-8.055784,-34.951608
5556,-8.055784,-34.951608
5558,-8.055784,-34.951608
5559,-8.055784,-34.951608
5564,-8.055784,-34.951608
5566,-8.055784,-34.951608
5573,-8.055784,-34.951608
5576,-8.055784,-34.951608
5579,-8.055784,-34.951608
5580,-8.055784,-34.951608
5581,-8.055784,-34.951608
5583,-8.055784,-34.951608
5587,-8.055784,-34.951608
5609,-8.055784,-34.951608
5610,-8.055784,-34.951608
5612,-8.055784,-34.951608
5613,-8.055784,-34.951608
5614,-8.055784,-34.951608
5615,-8.055784,-34.951608
5616,-8.055784,-34.951608
5623,-8.055784,-34.951608
5628,-8.055784,-34.951608
5634,-8.055784,-34.951608
5635,-8.055784,-34.951608
5640,-8.055784,-34.951608
5641,-8.055784,-34.951608
5642,-8.055784,-34.951608
5646,-8.055784,-34.951608
5649,-8.055784,-34.951608
5651,-8.055784,-34.951608
5652,-8.055784,-34.951608
5662,-8.055784,-34.951608
5663,-8.055784,-34.951608
5664,-8.055784,-34.951608
5666,-8.055784,-34.951608
5676,-8.055784,-34.951608
5679,-8.055784,-34.951608
5694,-8.055784,-34.951608
5700,-8.055784,-34.951608
5708,-8.055784,-34.951608
5711,-8.055784,-34.951608
5714,-8.055784,-34.951608
5722,-8.055784,-34.951608
5727,-8.055784,-34.951608
5728,-8.055784,-34.951608
5730,-8.055784,-34.951608
5731,-8.055784,-34.951608
5733,-8.055784,-34.951608
5735,-8.055784,-34.951608
5736,-8.055784,-34.951608
5737,-8.055784,-34.951608
5739,-8.055784,-34.951608
5746,-8.055784,-34.951608
5754,-8.055784,-34.951608
5758,-8.055784,-34.951608
5763,-8.055784,-34.951608
5768,-8.055784,-34.951608
5769,-8.055784,-34.951608
5770,-8.055784,-34.951608
5780,-8.055784,-34.951608
5786,-8.055784,-34.951608
5787,-8.055784,-34.951608
5792,-8.055784,-34.951608
5794,-8.055784,-34.951608
5798,-8.055784,-34.951608
5807,-8.055784,-34.951608
5815,-8.055784,-34.951608
5816,-8.055784,-34.951608
5819,-8.055784,-34.951608
5821,-8.055784,-34.951608
5822,-8.055784,-34.951608
5828,-8.055784,-34.951608
5829,-8.055784,-34.951608
5830,-8.055784,-34.951608
5837,-8.055784,-34.951608
5838,-8.055784,-34.951608
5843,-8.055784,-34.951608
5847,-8.055786,-34.951505
5848,-8.055786,-34.951505
5852,-8.055786,-34.951505
5853,-8.055786,-34.951505
5856,-8.055786,-34.951505
5857,-8.055786,-34.951505
5858,-8.055786,-34.951505
5862,-8.055786,-34.951505
5863,-8.055786,-34.951505
5866,-8.055786,-34.951505
5868,-8.055786,-34.951505
5872,-8.055786,-34.951505
5873,-8.055786,-34.951505
5874,-8.055786,-34.951505
5876,-8.055786,-34.951505
5884,-8.055786,-34.951505
5885,-8.055786,-34.951505
5894,-8.055786,-34.951505
5898,-8.055786,-34.951505
5899,-8.055786,-34.951505
5900,-8.055786,-34.951505
5903,-8.055786,-34.951505
5908,-8.055786,-34.951505
5912,-8.055786,-34.951505
5927,-8.055786,-34.951505
5930,-8.055786,-34.951505
5931,-8.055786,-34.951505
5933,-8.055786,-34.951505
5936,-8.055786,-34.951505
5937,-8.055786,-34.951505
5938,-8.055786,-34.951505
5939,-8.055786,-34.951505
5945,-8.055786,-34.951505
5952,-8.055786,-34.951505
5953,-8.055786,-34.951505
5957,-8.055786,-34.951505
5960,-8.055786,-34.951505
5961,-8.055786,-34.951505
5963,-8.055786,-34.951505
5965,-8.055786,-34.951505
5969,-8.055786,-34.951505
5972,-8.055786,-34.951505
5974,-8.055786,-34.951505
5979,-8.055786,-34.951505
5981,-8.055786,-34.951505
5982,-8.055786,-34.951505
5991,-8.055786,-34.951505
5992,-8.055786,-34.951505
5993,-8.055786,-34.951505
5994,-8.055786,-34.951505
5998,-8.055786,-34.951505
6004,-8.055786,-34.951505
6005,-8.055786,-34.951505
6008,-8.055786,-34.951505
6010,-8.055786,-34.951505
6014,-8.055786,-34.951505
6017,-8.055786,-34.951505
6025,-8.055786,-34.951505
6027,-8.055786,-34.951505
6029,-8.055786,-34.951505
6032,-8.055786,-34.951505
6033,-8.055786,-34.951505
6037,-8.055786,-34.951505
6039,-8.055786,-34.951505
6043,-8.055786,-34.951505
6051,-8.055786,-34.951505
6053,-8.055786,-34.951505
6054,-8.055786,-34.951505
6056,-8.055786,-34.951505
6061,-8.055786,-34.951505
6062,-8.055786,-34.951505
6064,-8.055786,-34.951505
6066,-8.055786,-34.951505
6072,-8.055786,-34.951505
6073,-8.055786,-34.951505
6076,-8.055786,-34.951505
6080,-8.055786,-34.951505
6085,-8.055786,-34.951505
6088,-8.055786,-34.951505
6100,-8.055786,-34.951505
6101,-8.055786,-34.951505
6108,-8.055786,-34.951505
6111,-8.055786,-34.951505
6113,-8.055786,-34.951505
6119,-8.055786,-34.951505
6123,-8.055786,-34.951505
6128,-8.055786,-34.951505
6134,-8.055786,-34.951505
6137,-8.055786,-34.951505
6146,-8.055786,-34.951505
6147,-8.055786,-34.951505
6148,-8.055786,-34.951505
6151,-8.055786,-34.951505
6153,-8.055786,-34.951505
6156,-8.055786,-34.951505
6160,-8.055786,-34.951505
6161,-8.055786,-34.951505
6169,-8.055786,-34.951505
6176,-8.055786,-34.951505
6178,-8.055786,-34.951505
6180,-8.055786,-34.951505
6182,-8.055786,-34.951505
6189,-8.055786,-34.951505
6192,-8.055786,-34.951505
6193,-8.055786,-34.951505
6194,-8.055786,-34.951505
6199,-8.055786,-34.951505
6202,-8.055786,-34.951505
6205,-8.055786,-34.951505
6211,-8.055786,-34.951505
6214,-8.055786,-34.951505
6215,-8.055786,-34.951505
6223,-8.055786,-34.951505
6231,-8.055786,-34.951505
6237,-8.055786,-34.951505
6239,-8.055786,-34.951505
6240,-8.055786,-34.951505
6244,-8.055786,-34.951505
6250,-8.055786,-34.951505
6258,-8.055786,-34.951505
6261,-8.055786,-34.951505
6263,-8.055786,-34.951505
6266,-8.055786,-34.951505
6275,-8.055786,-34.951505
6277,-8.055786,-34.951505
6289,-8.055786,-34.951505
6290,-8.055786,-34.951505
6291,-8.055786,-34.951505
6300,-8.055786,-34.951505
6301,-8.055786,-34.951505
6307,-8.055786,-34.951505
6309,-8.055786,-34.951505
6314,-8.055786,-34.951505
6321,-8.055786,-34.951505
6322,-8.055786,-34.951505
6323,-8.055786,-34.951505
6338,-8.055786,-34.951505
6343,-8.055786,-34.951505
6348,-8.055786,-34.951505
6351,-8.055786,-34.951505
6355,-8.055786,-34.951505
6358,-8.055786,-34.951505
6360,-8.055786,-34.951505
6363,-8.055786,-34.951505
6364,-8.055786,-34.951505
6365,-8.055786,-34.951505
6377,-8.055786,-34.951505
6378,-8.055786,-34.951505
6382,-8.055786,-34.951505
6383,-8.055786,-34.951505
6384,-8.055786,-34.951505
6389,-8.055786,-34.951505
6390,-8.055786,-34.951505
6391,-8.055786,-34.951505
6395,-8.055786,-34.951505
6398,-8.055786,-34.951505
6399,-8.055786,-34.951505
6400,-8.055786,-34.951505
6401,-8.055786,-34.951505
6407,-8.055786,-34.951505
6419,-8.055786,-34.951505
6423,-8.055786,-34.951505
6424,-8.055786,-34.951505
6425,-8.055786,-34.951505
6426,-8.055786,-34.951505
6427,-8.055786,-34.951505
6435,-8.055786,-34.951505
6436,-8.055786,-34.951505
6437,-8.055786,-34.951505
6440,-8.055786,-34.951505
6442,-8.055786,-34.951505
6451,-8.055786,-34.951505
6452,-8.055786,-34.951505
6458,-8.055786,-34.951505
6462,-8.055786,-34.951505
6463,-8.055786,-34.951505
6464,-8.055786,-34.951505
6465,-8.055786,-34.951505
6466,-8.055786,-34.951505
6472,-8.055786,-34.951505
6473,-8.055786,-34.951505
6474,-8.055786,-34.951505
6475,-8.055786,-34.951505
6495,-8.055786,-34.951505
6497,-8.055786,-34.951505
6498,-8.055786,-34.951505
6507,-8.055786,-34.951505
6508,-8.055786,-34.951505
6512,-8.055786,-34.951505
6515,-8.055786,-34.951505
6516,-8.055786,-34.951505
6517,-8.055786,-34.951505
6520,-8.055786,-34.951505
6523,-8.055786,-34.951505
6533,-8.055786,-34.951505
6535,-8.055786,-34.951505
6538,-8.055786,-34.951505
6539,-8.055786,-34.951505
6545,-8.055786,-34.951505
6550,-8.055786,-34.951505
6555,-8.055786,-34.951505
6559,-8.055786,-34.951505
6560,-8.055786,-34.951505
6561,-8.055786,-34.951505
6564,-8.055786,-34.951505
6567,-8.055786,-34.951505
6571,-8.055786,-34.951505
6580,-8.055786,-34.951505
6583,-8.055786,-34.951505
6584,-8.055786,-34.951505
6586,-8.055786,-34.951505
6589,-8.055786,-34.951505
6594,-8.055786,-34.951505
6597,-8.055786,-34.951505
6601,-8.055786,-34.951505
6611,-8.055786,-34.951505
6615,-8.05935,-34.946416666666664
6618,-8.05935,-34.946416666666664
6622,-8.059233333333333,-34.94680666666667
6623,-8.057429999999998,-34.946506666666664
6624,-8.05847,-34.94635
6625,-8.059306666666666,-34.94654666666666
6632,-8.059253333333332,-34.94715333333334
6646,-8.058163333333333,-34.94841333333333
6649,-8.059213333333332,-34.94728666666667
6650,-8.059143333333333,-34.94708
6651,-8.058929999999998,-34.94824666666667
6653,-8.058866666666667,-34.94633
6658,-8.05844,-34.949866666666665
6660,-8.058293333333333,-34.950363333333335
6663,-8.05812,-34.949016666666665
6664,-8.057636666666665,-34.949706666666664
6666,-8.058950000000001,-34.94818333333333
6669,-8.058676666666665,-34.94911333333334
6673,-8.05681,-34.95013
6676,-8.057536666666666,-34.949893333333335
6685,-8.056063333333332,-34.95139666666667
6687,-8.057293333333334,-34.95083666666667
6688,-8.05861,-34.949333333333335
6689,-8.056833333333332,-34.95019333333334
6690,-8.05862,-34.949290000000005
6691,-8.057403333333333,-34.95326333333333
6692,-8.05861,-34.949333333333335
6693,-8.057966666666667,-34.94900333333334
6698,-8.058593333333333,-34.949373333333334
6703,-8.057776666666667,-34.952063333333335
6705,-8.058593333333333,-34.949373333333334
6708,-8.058266666666666,-34.95044
6713,-8.055386666666665,-34.94724
6715,-8.058593333333333,-34.949373333333334
6716,-8.057983333333334,-34.95138
6718,-8.056173333333334,-34.94985333333333
6720,-8.057776666666667,-34.952063333333335
6723,-8.0578,-34.95197666666667
6727,-8.05807,-34.95109666666667
6728,-8.057776666666667,-34.952063333333335
6729,-8.05792,-34.95159
6733,-8.058613333333334,-34.94932
6734,-8.058083333333334,-34.95106333333334
6742,-8.056773333333334,-34.952420000000004
6743,-8.056336666666668,-34.953676666666674
6745,-8.056336666666668,-34.953676666666674
6746,-8.056643333333334,-34.94655
6750,-8.055543333333333,-34.95457666666667
6754,-8.056696666666666,-34.954679999999996
6755,-8.057139999999999,-34.95413666666666
6757,-8.054716666666668,-34.953426666666665
6758,-8.054716666666666,-34.953426666666665
6763,-8.056476666666667,-34.955099999999995
6769,-8.05665,-34.95572000000001
6771,-8.05668,-34.955423333333336
6773,-8.056513333333333,-34.95617333333333
6774,-8.056573333333333,-34.95514
6775,-8.056663333333333,-34.95525666666666
6779,-8.056663333333333,-34.95525
6784,-8.056573333333333,-34.95514
6789,-8.056606666666667,-34.955216666666665
6792,-8.056343333333333,-34.95507666666666
6796,-8.056456666666667,-34.955090000000006
6811,-8.05646,-34.95068
6814,-8.05453,-34.95064333333334
6820,-8.05635,-34.95073
6822,-8.05631,-34.94791333333333
6827,-8.056310000000002,-34.9569
6829,-8.05621,-34.95066333333333
6835,-8.056510000000001,-34.955616666666664
6842,-8.05598,-34.950873333333334
6849,-8.05655,-34.95511
6851,-8.052693333333332,-34.9506
6854,-8.056196666666667,-34.95650333333334
6855,-8.055923333333332,-34.95066
6856,-8.05613,-34.95066
6857,-8.056326666666667,-34.956673333333335
6860,-8.056103333333333,-34.95758
6861,-8.056206666666666,-34.95070333333334
6862,-8.055779999999999,-34.955086666666666
6864,-8.056173333333334,-34.95081
6865,-8.056183333333331,-34.95731333333333
6866,-8.056363333333335,-34.956649999999996
6871,-8.05616,-34.95076333333333
6872,-8.055923333333332,-34.95071333333334
6880,-8.058033333333332,-34.94832333333333
6883,-8.055943333333333,-34.956403333333334
6884,-8.059216666666666,-34.94683
6888,-8.05631,-34.95688333333333
6890,-8.055873333333333,-34.95720666666667
6896,-8.05608,-34.95507666666666
6899,-8.056013333333334,-34.9564
6908,-8.055943333333333,-34.958083333333335
6909,-8.05594,-34.95503
6912,-8.055796666666666,-34.95827333333333
6913,-8.055753333333334,-34.958146666666664
6916,-8.055796666666666,-34.95827333333333
6922,-8.05589,-34.95831999999999
6923,-8.05594,-34.95503
6927,-8.055396666666667,-34.95384
6929,-8.055843333333334,-34.95829
6932,-8.05557,-34.95618666666667
6934,-8.056156666666666,-34.94654333333333
6935,-8.054459999999999,-34.95901
6940,-8.055676666666669,-34.95889333333333
6950,-8.055516666666668,-34.95815666666667
6953,-8.055633333333333,-34.958149999999996
6954,-8.055636666666667,-34.958949999999994
6955,-8.055673333333333,-34.954836666666665
6957,-8.056186666666667,-34.95067333333333
6962,-8.055686666666666,-34.958999999999996
6963,-8.05568,-34.95896
6964,-8.055666666666665,-34.95496333333333
6967,-8.05565,-34.958956666666666
6969,-8.0558,-34.955009999999994
6975,-8.055566666666667,-34.956250000000004
6977,-8.055626666666667,-34.95493666666666
6978,-8.055643333333334,-34.95496333333333
6983,-8.055723333333333,-34.950716666666665
6992,-8.051126666666667,-34.95979
6994,-8.055603333333336,-34.95538
7007,-8.055633333333333,-34.95435
7008,-8.055656666666666,-34.954
7016,-8.05562,-34.95389666666667
7017,-8.055629999999999,-34.95391
7019,-8.055606666666666,-34.95379333333333
7020,-8.056406666666668,-34.955086666666666
7021,-8.0556,-34.95478666666667
7024,-8.055606666666668,-34.954240000000006
7038,-8.055636666666665,-34.95404
7039,-8.055639999999999,-34.95391
7040,-8.055573333333333,-34.95436
7044,-8.055636666666667,-34.95429333333334
7046,-8.055629999999999,-34.95412
7047,-8.055566666666666,-34.95451666666667
7048,-8.058623333333335,-34.94928
7049,-8.055596666666666,-34.9546
7050,-8.05562,-34.95450666666667
7051,-8.055623333333331,-34.95441666666667
7058,-8.055606666666668,-34.95489
7063,-8.055660000000001,-34.950433333333336
7068,-8.055579999999999,-34.954860000000004
7072,-8.055579999999999,-34.954703333333335
7074,-8.055623333333333,-34.95441666666667
7075,-8.05554,-34.95799
7078,-8.05617,-34.95508666666667
7081,-8.055603333333332,-34.954546666666666
7082,-8.055586666666667,-34.95459
7087,-8.056416666666665,-34.95652333333334
7089,-8.056163333333334,-34.95422
7091,-8.055579999999999,-34.95472333333333
7092,-8.055579999999999,-34.954703333333335
7093,-8.055533333333335,-34.95374
7094,-8.05556,-34.95462666666668
7095,-8.05551,-34.95511
7104,-8.055483333333333,-34.95552333333334
7107,-8.05561,-34.95449333333334
7109,-8.055596666666666,-34.953959999999995
7116,-8.05553,-34.955103333333334
7118,-8.056289999999999,-34.95525333333333
7120,-8.054196666666668,-34.959070000000004
7122,-8.0555,-34.95565333333334
7131,-8.05621,-34.95075
7134,-8.0555,-34.95565333333334
7135,-8.055473333333332,-34.95560666666666
7136,-8.055483333333333,-34.95553666666667
7144,-8.055483333333333,-34.95535666666667
7146,-8.055459999999998,-34.956093333333335
7149,-8.055466666666666,-34.95547333333334
7150,-8.055486666666667,-34.955436666666664
7152,-8.05703,-34.95022
7153,-8.056,-34.95568
7162,-8.054303333333333,-34.95901666666666
7171,-8.055453333333334,-34.95558666666667
7172,-8.055466666666666,-34.95547333333334
7178,-8.05545,-34.95565
7182,-8.053386666666666,-34.94822
7185,-8.055263333333334,-34.95529666666667
7191,-8.0557,-34.950493333333334
7199,-8.055216666666666,-34.95921666666667
7201,-8.055860000000001,-34.955443333333335
7204,-8.05543,-34.956160000000004
7205,-8.056130000000001,-34.955353333333335
7210,-8.05485,-34.95365
7211,-8.05298,-34.948546666666665
7223,-8.05541,-34.95616666666667
7228,-8.05541,-34.956156666666665
7233,-8.056436666666666,-34.95527666666667
7234,-8.055159999999999,-34.95366666666667
7238,-8.055353333333334,-34.950403333333334
7249,-8.0551,-34.954523333333334
7250,-8.055536666666667,-34.95413666666666
7252,-8.055333333333333,-34.951006666666665
7254,-8.055376666666666,-34.950693333333334
7262,-8.05532,-34.950426666666665
7263,-8.055593333333334,-34.95907666666667
7267,-8.05755,-34.949733333333334
7269,-8.05597,-34.955503333333326
7275,-8.056156666666666,-34.94654333333333
7279,-8.055213333333333,-34.95032333333334
7282,-8.055336666666667,-34.9537
7283,-8.055353333333334,-34.95096
7290,-8.055636666666667,-34.958949999999994
7293,-8.055396666666667,-34.95077333333333
7299,-8.0553,-34.95361666666667
7301,-8.054903333333332,-34.95019
7304,-8.052003333333333,-34.95531
7305,-8.054813333333334,-34.95296
7307,-8.055836666666666,-34.952333333333335
7310,-8.055233333333334,-34.95182666666667
7313,-8.055996666666667,-34.95242
7322,-8.055196666666667,-34.95225666666666
7323,-8.05457,-34.95364333333333
7325,-8.055196666666665,-34.95347333333334
7333,-8.055006666666666,-34.959273333333336
7335,-8.05533,-34.95355333333333
7346,-8.05516,-34.953336666666665
7348,-8.055203333333333,-34.953003333333335
7359,-8.055466666666666,-34.95063
7363,-8.05512,-34.95287
7365,-8.05525,-34.95365
7375,-8.05542,-34.95614666666666
7378,-8.055143333333334,-34.95323666666666
7381,-8.055376666666666,-34.95071
7382,-8.054973333333333,-34.95783
7384,-8.05495,-34.95929666666667
7387,-8.055023333333333,-34.95784333333334
7391,-8.055116666666667,-34.953450000000004
7395,-8.055193333333333,-34.95044333333333
7399,-8.055376666666668,-34.95626666666667
7402,-8.056206666666666,-34.95070333333333
7407,-8.054586666666667,-34.959383333333335
7413,-8.054453333333333,-34.95600666666667
7415,-8.054646666666667,-34.95937
7417,-8.054453333333333,-34.956006666666674
7423,-8.054413333333335,-34.95603
7425,-8.05433,-34.95384000000001
7428,-8.054796666666666,-34.95932
7434,-8.05455,-34.95365666666667
7435,-8.054693333333335,-34.95775666666667
7441,-8.05463,-34.95937333333334
7442,-8.054593333333331,-34.953630000000004
7444,-8.055623333333335,-34.95043333333333
7453,-8.053156666666666,-34.94725666666667
7463,-8.054546666666667,-34.956073333333336
7465,-8.055803333333333,-34.95033
7466,-8.054256666666667,-34.957636666666666
7468,-8.054546666666667,-34.95607333333333
7487,-8.05427,-34.95619666666667
7488,-8.054503333333333,-34.953603333333334
7498,-8.054253333333333,-34.95688333333333
7499,-8.054403333333333,-34.956320000000005
7501,-8.054663333333332,-34.95373
7505,-8.054186666666666,-34.95620666666667
7507,-8.054403333333333,-34.95633
7510,-8.05427,-34.95652
7515,-8.054403333333333,-34.95633
7516,-8.054513333333334,-34.953813333333336
7517,-8.054503333333333,-34.953603333333334
7521,-8.054366666666667,-34.95400333333334
7523,-8.0543,-34.95765
7524,-8.054403333333333,-34.95633
7530,-8.054276666666667,-34.95373
7531,-8.054343333333334,-34.95652333333334
7532,-8.054343333333334,-34.95652333333334
7535,-8.054096666666666,-34.95950666666667
7542,-8.054416666666667,-34.95395
7544,-8.054343333333334,-34.95652333333334
7552,-8.054626666666666,-34.953726666666675
7557,-8.054243333333334,-34.95947666666667
7567,-8.054233333333334,-34.95695666666667
7568,-8.054606666666666,-34.953943333333335
7569,-8.05428,-34.94944666666667
7580,-8.054406666666667,-34.95943
7583,-8.05448,-34.95388333333333
7584,-8.05317,-34.956500000000005
7588,-8.054016666666667,-34.9569
7589,-8.055746666666666,-34.95027666666667
7591,-8.054256666666667,-34.957636666666666
7598,-8.053996666666668,-34.95955
7600,-8.054366666666667,-34.95766666666667
7603,-8.054486666666667,-34.94936333333334
7606,-8.054616666666666,-34.94973666666667
7607,-8.057216666666667,-34.950853333333335
7608,-8.054616666666666,-34.94973666666667
7609,-8.053936666666667,-34.95956666666667
7615,-8.055436666666667,-34.95050333333333
7618,-8.054456666666667,-34.94985666666667
7619,-8.05157,-34.949843333333334
7620,-8.054796666666666,-34.94906
7628,-8.05242,-34.94854333333333
7632,-8.054853333333334,-34.95029
7635,-8.053880000000001,-34.959579999999995
7637,-8.05456,-34.95047333333333
7639,-8.054266666666665,-34.956826666666664
7645,-8.053266666666667,-34.95897
7647,-8.053763333333334,-34.95368333333334
7649,-8.053113333333334,-34.949063333333335
7650,-8.05473,-34.94993
7655,-8.053980000000001,-34.95956666666667
7656,-8.05561,-34.951
7658,-8.054503333333333,-34.94910333333333
7660,-8.054186666666666,-34.949463333333334
7663,-8.053833333333335,-34.94826
7665,-8.054026666666667,-34.95653
7671,-8.05412,-34.94650666666667
7675,-8.051603333333333,-34.95326666666667
7680,-8.053573333333333,-34.94879666666666
7681,-8.053880000000001,-34.95616
7682,-8.054213333333333,-34.949459999999995
7690,-8.052536666666667,-34.948456666666665
7692,-8.053600000000001,-34.94906666666667
7695,-8.053553333333333,-34.94889333333333
7700,-8.051536666666667,-34.947563333333335
7702,-8.05309,-34.94840666666667
7706,-8.053213333333334,-34.94699666666667
7708,-8.053093333333335,-34.94853333333334
7710,-8.050133333333333,-34.95048666666667
7717,-8.053156666666666,-34.94839666666667
7722,-8.053573333333334,-34.948566666666665
7724,-8.050516666666667,-34.953660000000006
7726,-8.053513333333333,-34.949023333333336
7731,-8.053326666666667,-34.95971333333333
7732,-8.05286,-34.948546666666665
7745,-8.05326,-34.94874000000001
7747,-8.054216666666667,-34.94907666666666
7748,-8.053123333333334,-34.94864333333334
7749,-8.053383333333334,-34.947
7751,-8.052306666666667,-34.94859333333334
7754,-8.052673333333333,-34.95353666666667
7755,-8.052306666666667,-34.94859333333333
7756,-8.053053333333333,-34.94876
7758,-8.053256666666668,-34.94882666666667
7762,-8.053696666666667,-34.956963333333334
7764,-8.052963333333333,-34.94783
7768,-8.05303,-34.959743333333336
7770,-8.053130000000001,-34.948753333333336
7772,-8.053103333333334,-34.948753333333336
7774,-8.053303333333334,-34.95971666666667
7778,-8.052836666666666,-34.95567666666667
7780,-8.05303,-34.959743333333336
7791,-8.052233333333334,-34.95373
7792,-8.05316,-34.948840000000004
7793,-8.053283333333335,-34.959720000000004
7796,-8.052713333333331,-34.94698666666667
7797,-8.053313333333334,-34.95970666666667
7798,-8.050813333333332,-34.95484666666667
7799,-8.052986666666667,-34.95365
7800,-8.05223,-34.94816333333333
7807,-8.052729999999999,-34.94627666666667
7814,-8.052886666666666,-34.95381666666666
7819,-8.052853333333333,-34.9536
7821,-8.052806666666667,-34.95558666666667
7823,-8.052966666666666,-34.95367
7824,-8.05286,-34.953520000000005
7826,-8.052786666666668,-34.94629666666667
7828,-8.052703333333332,-34.955513333333336
7829,-8.052753333333333,-34.955553333333334
7838,-8.052896666666667,-34.95371
7853,-8.052696666666668,-34.95552
7859,-8.052843333333334,-34.95371666666667
7864,-8.05284,-34.953543333333336
7868,-8.052513333333332,-34.95612333333333
7871,-8.052433333333333,-34.946459999999995
7874,-8.052106666666667,-34.946463333333334
7875,-8.051893333333334,-34.94670333333334
7876,-8.052113333333333,-34.947669999999995
7877,-8.052323333333334,-34.94629666666666
7881,-8.052893333333333,-34.953516666666665
7882,-8.052083333333334,-34.947160000000004
7884,-8.052719999999999,-34.95578
7889,-8.052416666666666,-34.94699
7893,-8.052669999999999,-34.94846666666667
7894,-8.052589999999999,-34.95602
7897,-8.052206666666669,-34.94812666666667
7898,-8.053033333333333,-34.94854
7899,-8.051996666666668,-34.94759333333334
7903,-8.052333333333335,-34.95574
7909,-8.05224,-34.94659333333333
7913,-8.053030000000001,-34.94876
7918,-8.052306666666665,-34.956496666666666
7919,-8.053216666666666,-34.95566333333334
7921,-8.051989999999998,-34.94667666666666
7924,-8.052426666666667,-34.9598
7925,-8.052613333333333,-34.95337333333333
7927,-8.052290000000001,-34.94835333333334
7928,-8.05308,-34.95654
7936,-8.05239,-34.94651666666666
7938,-8.052129999999998,-34.946169999999995
7947,-8.052613333333333,-34.95337333333333
7948,-8.050446666666668,-34.95359333333334
7951,-8.05203,-34.94801666666667
7954,-8.052536666666667,-34.948460000000004
7955,-8.051726666666667,-34.95766666666666
7957,-8.052456666666666,-34.94842666666667
7958,-8.052243333333333,-34.947316666666666
7959,-8.05137,-34.94683333333333
7963,-8.052296666666665,-34.948253333333334
7964,-8.052233333333334,-34.94820333333333
7965,-8.052143333333333,-34.94732
7969,-8.052610000000001,-34.948373333333336
7972,-8.051883333333334,-34.948029999999996
7981,-8.052226666666668,-34.94779666666667
7986,-8.052203333333333,-34.94817333333334
7988,-8.052223333333332,-34.948116666666664
8000,-8.052273333333334,-34.94814333333334
8001,-8.052306666666667,-34.948060000000005
8011,-8.052226666666668,-34.94812666666667
8026,-8.0522,-34.94756666666667
8027,-8.05221,-34.94768
8028,-8.052103333333333,-34.94770666666667
8029,-8.052083333333334,-34.94769666666667
8039,-8.05223,-34.94815666666667
8046,-8.05232,-34.955713333333335
8047,-8.052173333333334,-34.94817333333333
8051,-8.052203333333333,-34.94811
8059,-8.052266666666666,-34.948303333333335
8061,-8.052266666666666,-34.948303333333335
8066,-8.052056666666667,-34.95533
8067,-8.05286,-34.948663333333336
8068,-8.052196666666667,-34.948573333333336
8069,-8.052746666666666,-34.94820000000001
8077,-8.051723333333333,-34.946133333333336
8080,-8.053006666666667,-34.94876333333334
8085,-8.052113333333333,-34.95981333333333
8097,-8.052033333333332,-34.95695333333333
8105,-8.05147,-34.95039666666667
8106,-8.051540000000001,-34.95054666666667
8107,-8.052236666666666,-34.94712333333333
8108,-8.051870000000001,-34.9598
8109,-8.052076666666666,-34.95686666666666
8111,-8.051540000000001,-34.95091
8121,-8.052886666666668,-34.951793333333335
8123,-8.05202,-34.94756
8124,-8.052033333333332,-34.95695333333334
8125,-8.05033,-34.95248333333333
8127,-8.051913333333333,-34.95251666666667
8129,-8.051886666666668,-34.94805333333333
8131,-8.052053333333333,-34.94724333333334
8137,-8.052086666666666,-34.94715333333334
8138,-8.051899999999998,-34.94784333333333
8142,-8.05106,-34.95218333333333
8143,-8.051833333333333,-34.94794666666667
8146,-8.051893333333334,-34.94656
8148,-8.052063333333335,-34.946940000000005
8153,-8.051953333333334,-34.94755
8157,-8.052066666666667,-34.95687
8158,-8.051913333333333,-34.955286666666666
8159,-8.051683333333335,-34.95265
8160,-8.05173,-34.952169999999995
8168,-8.051893333333334,-34.95324
8170,-8.05193,-34.94771
8171,-8.051966666666665,-34.947480000000006
8180,-8.051896666666668,-34.94784000000001
8183,-8.051866666666667,-34.955270000000006
8185,-8.051886666666666,-34.94794666666667
8186,-8.051893333333334,-34.94781
8187,-8.051960000000001,-34.94750666666667
8188,-8.051953333333334,-34.94755
8193,-8.05195,-34.948276666666665
8196,-8.051933333333332,-34.95981666666666
8198,-8.051883333333334,-34.947853333333335
8200,-8.051893333333334,-34.94777666666666
8201,-8.051923333333333,-34.947766666666666
8203,-8.051966666666667,-34.94757333333334
8205,-8.05196,-34.95249666666667
8209,-8.051986666666666,-34.947750000000006
8210,-8.052323333333334,-34.949173333333334
8214,-8.05193,-34.94774666666667
8215,-8.05186,-34.9478
8219,-8.051896666666668,-34.94784000000001
8221,-8.051876666666667,-34.94786666666666
8222,-8.051879999999999,-34.947849999999995
8233,-8.051926666666667,-34.95719333333333
8236,-8.052486666666667,-34.94751333333333
8240,-8.052143333333333,-34.94849666666667
8244,-8.051926666666667,-34.95719333333333
8247,-8.051886666666666,-34.947736666666664
8248,-8.05229,-34.94818333333333
8250,-8.052096666666667,-34.94805
8254,-8.051866666666667,-34.946596666666665
8257,-8.051910000000001,-34.94851333333333
8259,-8.051630000000001,-34.94771
8263,-8.05175,-34.95326
8268,-8.052013333333335,-34.948820000000005
8270,-8.051910000000001,-34.94851333333333
8272,-8.05183,-34.946416666666664
8274,-8.051926666666665,-34.957193333333336
8275,-8.052013333333335,-34.948793333333334
8277,-8.051790000000002,-34.94858
8281,-8.051733333333333,-34.949086666666666
8287,-8.051863333333333,-34.94892333333333
8289,-8.051630000000001,-34.95264666666667
8292,-8.052283333333333,-34.94909666666667
8294,-8.051726666666667,-34.95766666666666
8299,-8.051776666666667,-34.94859
8300,-8.05191,-34.94755333333333
8302,-8.051246666666668,-34.948370000000004
8316,-8.055776666666667,-34.950336666666665
8317,-8.05165,-34.949016666666665
8318,-8.051683333333335,-34.95981666666666
8323,-8.049626666666667,-34.95034666666667
8324,-8.052263333333334,-34.94935
8325,-8.051813333333333,-34.949513333333336
8330,-8.052346666666667,-34.94939
8332,-8.053383333333334,-34.95014
8333,-8.05247,-34.947493333333334
8334,-8.051683333333335,-34.95046666666667
8336,-8.051613333333334,-34.95982
8344,-8.051046666666666,-34.950500000000005
8346,-8.051676666666665,-34.94876666666667
8347,-8.0526,-34.94907666666666
8354,-8.051926666666667,-34.94953666666667
8362,-8.052129999999998,-34.946169999999995
8365,-8.05166,-34.95780666666666
8368,-8.051653333333334,-34.948973333333335
8370,-8.051656666666666,-34.94932666666667
8373,-8.05181,-34.94954666666667
8375,-8.05157,-34.949976666666664
8377,-8.052363333333334,-34.949333333333335
8381,-8.05064,-34.9476
8382,-8.05263,-34.95147
8383,-8.051630000000001,-34.94963666666667
8384,-8.0518,-34.958643333333335
8386,-8.051603333333333,-34.952283333333334
8388,-8.052276666666666,-34.94944666666667
8394,-8.051536666666667,-34.95021
8396,-8.051286666666668,-34.95941333333334
8398,-8.053043333333333,-34.95030666666667
8399,-8.051433333333334,-34.94938333333334
8401,-8.05139,-34.947720000000004
8403,-8.051473333333334,-34.95516333333333
8405,-8.051483333333335,-34.95238
8408,-8.051163333333333,-34.95148666666666
8412,-8.05151,-34.95326
8414,-8.05144,-34.95055
8417,-8.051323333333334,-34.950520000000004
8418,-8.05071,-34.94761
8419,-8.050953333333332,-34.94766666666666
8420,-8.051563333333334,-34.958800000000004
8421,-8.05071,-34.950473333333335
8422,-8.051400000000001,-34.95056
8424,-8.051493333333333,-34.959826666666665
8426,-8.05144,-34.95055
8438,-8.050686666666666,-34.952306666666665
8447,-8.05165,-34.95521333333333
8450,-8.05131,-34.95054666666667
8452,-8.051339999999998,-34.958613333333325
8463,-8.050953333333332,-34.94766666666666
8465,-8.051309999999999,-34.958703333333325
8475,-8.05086,-34.95155333333333
8478,-8.052023333333333,-34.95099999999999
8481,-8.051336666666666,-34.94777
8485,-8.051296666666667,-34.95316666666667
8487,-8.048883333333334,-34.952373333333334
8490,-8.051266666666665,-34.95883
8493,-8.052039999999998,-34.94631666666667
8496,-8.051703333333334,-34.959826666666665
8499,-8.051073333333335,-34.94769333333333
8503,-8.05139,-34.95513666666667
8504,-8.05073,-34.94861333333333
8505,-8.049853333333333,-34.953093333333335
8511,-8.054923333333333,-34.95050333333334
8515,-8.050446666666668,-34.952459999999995
8516,-8.054780000000001,-34.95068333333333
8520,-8.05113,-34.953006666666674
8522,-8.05152,-34.95065
8525,-8.051879999999999,-34.946619999999996
8526,-8.051083333333333,-34.959740000000004
8530,-8.051073333333333,-34.95311
8532,-8.05122,-34.95896333333334
8534,-8.05137,-34.95312333333333
8536,-8.050763333333334,-34.953116666666666
8538,-8.051283333333332,-34.95923666666667
8541,-8.05124666666667,-34.95059666666667
8546,-8.049923333333334,-34.948389999999996
8547,-8.051219999999999,-34.95896333333334
8548,-8.050116666666668,-34.95476333333334
8553,-8.051879999999999,-34.946619999999996
8557,-8.051333333333334,-34.9532
8559,-8.051160000000001,-34.947676666666666
8560,-8.05171,-34.95259333333333
8566,-8.053063333333334,-34.95404
8568,-8.051673333333333,-34.957636666666666
8570,-8.050396666666666,-34.94956
8587,-8.051383333333334,-34.956590000000006
8590,-8.05153,-34.95030333333333
8592,-8.050996666666668,-34.9532
8603,-8.050273333333331,-34.959210000000006
8604,-8.053130000000001,-34.95029
8606,-8.051,-34.947669999999995
8614,-8.050939999999999,-34.959736666666664
8618,-8.050733333333334,-34.94715333333333
8620,-8.050666666666666,-34.95492
8627,-8.05091,-34.959763333333335
8628,-8.05023,-34.95312666666667
8629,-8.050456666666667,-34.95398666666667
8630,-8.05084,-34.95975000000001
8631,-8.05104,-34.953210000000006
8640,-8.050633333333332,-34.94766333333333
8641,-8.051676666666665,-34.95328
8653,-8.050510000000001,-34.95315333333334
8655,-8.050656666666667,-34.95492333333333
8658,-8.049886666666668,-34.954546666666666
8660,-8.050373333333333,-34.95348666666667
8664,-8.050326666666667,-34.95374666666667
8665,-8.04981,-34.952996666666664
8673,-8.050876666666666,-34.95232000000001
8674,-8.050373333333333,-34.95348666666667
8678,-8.051896666666666,-34.955733333333335
8689,-8.05048,-34.95413
8690,-8.05048,-34.95415666666667
8692,-8.050433333333332,-34.94764
8698,-8.05283,-34.95371
8699,-8.050469999999999,-34.954123333333335
8700,-8.050343333333332,-34.95390666666667
8704,-8.050410000000001,-34.95484666666667
8706,-8.050460000000001,-34.95411666666667
8709,-8.050486666666666,-34.95407333333333
8718,-8.05044,-34.953673333333334
8722,-8.050476666666667,-34.95415
8725,-8.051393333333333,-34.953466666666664
8731,-8.05041,-34.95484666666667
8732,-8.05041,-34.95484666666667
8736,-8.051276666666666,-34.94777666666667
8744,-8.05041,-34.95484666666667
8745,-8.050370000000001,-34.95366
8748,-8.0503,-34.95481
8753,-8.050346666666666,-34.947630000000004
8758,-8.049776666666666,-34.95965000000001
8759,-8.05018,-34.953723333333336
8760,-8.049750000000001,-34.947473333333335
8768,-8.050396666666666,-34.95965666666667
8771,-8.050063333333334,-34.954739999999994
8772,-8.050773333333332,-34.957546666666666
8774,-8.04998,-34.94586666666667
8793,-8.05021,-34.95049
8794,-8.049893333333332,-34.947493333333334
8796,-8.050136666666667,-34.95476
8798,-8.050136666666667,-34.95476
8801,-8.050136666666667,-34.95476
8804,-8.050136666666667,-34.95476
8805,-8.050273333333335,-34.95481
8806,-8.049893333333332,-34.947493333333334
8817,-8.049866666666667,-34.94749
8820,-8.049199999999999,-34.94730333333333
8831,-8.050503333333333,-34.95431
8833,-8.050503333333332,-34.95964666666667
8834,-8.050326666666669,-34.952713333333335
8835,-8.049963333333332,-34.95310333333333
8845,-8.0499,-34.959633333333336
8846,-8.05001,-34.95523333333333
8848,-8.049743333333334,-34.95466
8851,-8.04971,-34.947543333333336
8854,-8.049536666666667,-34.947513333333326
8861,-8.050256666666666,-34.953129999999994
8863,-8.049383333333333,-34.95239
8864,-8.049923333333334,-34.95045
8872,-8.049446666666666,-34.94738666666667
8873,-8.049906666666667,-34.95955666666668
8876,-8.049676666666665,-34.95148666666666
8877,-8.049536666666667,-34.947556666666664
8878,-8.048706666666668,-34.95927
8880,-8.04978,-34.94849333333334
8882,-8.048526666666666,-34.951276666666665
8883,-8.049413333333334,-34.95948666666666
8888,-8.04857,-34.947006666666674
8890,-8.0518,-34.958643333333335
8891,-8.050423333333333,-34.949553333333334
8893,-8.049673333333333,-34.954633333333334
8899,-8.049606666666667,-34.954739999999994
8903,-8.049513333333334,-34.95516666666666
8904,-8.04924,-34.948456666666665
8907,-8.051263333333333,-34.95138333333333
8909,-8.050023333333334,-34.95187666666667
8910,-8.049196666666667,-34.95263333333333
8912,-8.049520000000001,-34.95326666666667
8915,-8.052676666666668,-34.94750333333334
8917,-8.049513333333332,-34.95516666666666
8919,-8.051436666666666,-34.95237
8933,-8.050809999999998,-34.95204666666667
8935,-8.04961,-34.95506
8936,-8.05031,-34.95289333333333
8938,-8.049673333333333,-34.954633333333334
8939,-8.049513333333335,-34.950410000000005
8943,-8.04951,-34.953453333333336
8950,-8.050186666666667,-34.95406666666667
8951,-8.04904,-34.95445
8956,-8.05241,-34.953586666666666
8961,-8.049423333333332,-34.955396666666665
8968,-8.0494,-34.95324666666667
8973,-8.049126666666666,-34.95542
8974,-8.050040000000001,-34.94952000000001
8977,-8.048996666666667,-34.95267666666667
8984,-8.049259999999999,-34.947363333333335
8986,-8.048343333333333,-34.954793333333335
8990,-8.04998,-34.94586666666667
8992,-8.04981,-34.95309
9003,-8.048956666666667,-34.957143333333335
9004,-8.048963333333333,-34.952403333333336
9012,-8.049356666666666,-34.959790000000005
9017,-8.049053333333333,-34.947313333333334
9018,-8.04927,-34.95978333333334
9027,-8.050093333333335,-34.952553333333334
9030,-8.0509,-34.95142
9034,-8.049476666666665,-34.945769999999996
9037,-8.049513333333335,-34.95506666666666
9038,-8.048566666666668,-34.95123
9039,-8.048926666666667,-34.94732333333334
9040,-8.048119999999999,-34.95487666666667
9043,-8.048779999999999,-34.95969333333334
9046,-8.051723333333333,-34.9501
9055,-8.04876,-34.959673333333335
9058,-8.048923333333333,-34.945660000000004
9061,-8.04891,-34.94701666666666
9068,-8.048713333333332,-34.959666666666664
9071,-8.048933333333332,-34.957233333333335
9081,-8.048923333333333,-34.94713333333333
9082,-8.04891,-34.94701666666666
9090,-8.048673333333333,-34.95281333333333
9097,-8.049343333333333,-34.957906666666666
9099,-8.048636666666667,-34.95059666666667
9100,-8.0486,-34.94696
9101,-8.048626666666667,-34.95277333333333
9105,-8.048713333333334,-34.94698333333333
9108,-8.049036666666666,-34.954456666666665
9109,-8.048736666666668,-34.950493333333334
9111,-8.048346666666667,-34.95947
9113,-8.04877,-34.952956666666665
9118,-8.048653333333334,-34.94698333333333
9121,-8.04862,-34.95810666666667
9127,-8.048803333333334,-34.95148
9129,-8.052256666666667,-34.94906
9134,-8.048666666666668,-34.950649999999996
9142,-8.048353333333333,-34.959023333333334
9144,-8.051393333333332,-34.951053333333334
9148,-8.049513333333334,-34.95164
9157,-8.048896666666666,-34.95165333333333
9162,-8.050276666666667,-34.953133333333334
9164,-8.050559999999999,-34.95035333333334
9170,-8.04872,-34.95253666666667
9171,-8.048683333333335,-34.95067333333333
9172,-8.04971,-34.95011
9173,-8.048546666666667,-34.95079666666667
9184,-8.049143333333333,-34.95269666666667
9185,-8.050006666666667,-34.95225
9189,-8.048556666666665,-34.946963333333336
9190,-8.04868,-34.959376666666664
9194,-8.04853,-34.95146666666667
9199,-8.048513333333334,-34.952506666666665
9205,-8.048066666666665,-34.94717333333333
9211,-8.04897,-34.95144
9214,-8.049936666666667,-34.95227333333333
9218,-8.048776666666667,-34.959223333333334
9220,-8.049370000000001,-34.95324333333333
9222,-8.048353333333333,-34.94696
9223,-8.048923333333333,-34.945660000000004
9224,-8.048490000000001,-34.95256
9229,-8.048573333333335,-34.95117
9230,-8.047763333333334,-34.947403333333334
9231,-8.04857,-34.95964000000001
9232,-8.049640000000002,-34.95942333333333
9235,-8.049923333333334,-34.95272666666667
9241,-8.048436666666667,-34.95075333333333
9243,-8.051716666666666,-34.95517
9245,-8.048723333333333,-34.952933333333334
9249,-8.047636666666667,-34.95406333333333
9251,-8.048490000000001,-34.95256
9252,-8.048506666666666,-34.95076333333333
9258,-8.048506666666668,-34.95256666666666
9264,-8.048516666666666,-34.95202666666667
9266,-8.048463333333332,-34.94696666666667
9267,-8.048203333333333,-34.959096666666674
9270,-8.048783333333333,-34.95919666666667
9273,-8.048183333333334,-34.947023333333334
9275,-8.048243333333334,-34.95941
9281,-8.048006666666668,-34.95055333333334
9290,-8.048453333333333,-34.95959333333334
9292,-8.048116666666667,-34.95070333333334
9296,-8.04828,-34.94694333333334
9299,-8.048116666666667,-34.95070333333334
9302,-8.048173333333333,-34.95915
9307,-8.048383333333334,-34.95932
9311,-8.049443333333334,-34.959376666666664
9312,-8.048416666666666,-34.950723333333336
9313,-8.049536666666667,-34.951496666666664
9315,-8.04842,-34.95957000000001
9319,-8.048173333333333,-34.95915333333333
9320,-8.048283333333334,-34.959039999999995
9321,-8.048183333333334,-34.94701333333333
9324,-8.048229999999998,-34.95939666666667
9327,-8.048783333333335,-34.959196666666664
9328,-8.049933333333334,-34.958423333333336
9329,-8.047526666666666,-34.95399333333333
9330,-8.048536666666665,-34.946973333333325
9334,-8.048340000000001,-34.94553333333334
9336,-8.047903333333334,-34.947313333333334
9341,-8.04815,-34.94707333333333
9346,-8.047843333333335,-34.947500000000005
9348,-8.048156666666667,-34.947136666666665
9354,-8.048116666666667,-34.95070333333334
9362,-8.048083333333333,-34.94757666666667
9365,-8.047973333333333,-34.94762666666667
9371,-8.048029999999999,-34.94759333333334
9372,-8.048153333333333,-34.94549
9374,-8.047930000000001,-34.94763666666666
9375,-8.047646666666667,-34.95065333333333
9376,-8.047866666666666,-34.94758666666667
9379,-8.047863333333332,-34.94763666666667
9380,-8.047893333333333,-34.94763666666667
9384,-8.047536666666668,-34.95286666666667
9387,-8.047246666666666,-34.95062666666667
9390,-8.048340000000001,-34.94553333333334
9391,-8.04781,-34.95067666666667
9392,-8.047503333333333,-34.947433333333336
9393,-8.04774,-34.94761333333334
9394,-8.047466666666667,-34.95064
9395,-8.04823,-34.95129333333333
9396,-8.048026666666667,-34.94762333333333
9402,-8.046913333333334,-34.95059666666666
9409,-8.047866666666666,-34.947610000000005
9414,-8.047843333333333,-34.947583333333334
9419,-8.048943333333334,-34.953700000000005
9421,-8.047600000000001,-34.94759666666667
9422,-8.047893333333333,-34.95068333333333
9423,-8.047423333333334,-34.94757666666667
9429,-8.047489999999998,-34.95393666666667
9433,-8.047893333333333,-34.95068333333333
9434,-8.04728,-34.94756666666667
9440,-8.047266666666667,-34.94527
9441,-8.047906666666668,-34.947156666666665
9448,-8.047293333333334,-34.94756666666667
9450,-8.047486666666668,-34.945326666666666
9452,-8.04775,-34.95408666666667
9453,-8.04715,-34.95061666666666
9454,-8.047333333333334,-34.94757666666667
9455,-8.047356666666667,-34.94758
9459,-8.047550000000001,-34.954033333333335
9469,-8.047266666666667,-34.94757333333333
9470,-8.047573333333332,-34.95333666666667
9471,-8.047393333333334,-34.94757333333333
9472,-8.047816666666668,-34.95053
9477,-8.04753,-34.94757666666667
9481,-8.047336666666668,-34.94758
9484,-8.048029999999999,-34.94748333333333
9485,-8.048983333333334,-34.954433333333334
9491,-8.047213333333334,-34.950626666666665
9492,-8.047636666666667,-34.94759666666667
9493,-8.047413333333333,-34.94757333333334
9494,-8.047086666666665,-34.95391
9499,-8.046846666666665,-34.945166666666665
9504,-8.047600000000001,-34.94759666666667
9513,-8.047073333333332,-34.950590000000005
9514,-8.047233333333333,-34.94770333333333
9518,-8.046943333333333,-34.94757666666667
9519,-8.047396666666666,-34.94778666666667
9520,-8.047556666666667,-34.9558
9521,-8.047396666666666,-34.947786666666666
9536,-8.04775,-34.95408666666667
9540,-8.046713333333333,-34.94522
9542,-8.047003333333334,-34.950320000000005
9543,-8.046986666666667,-34.95059333333334
9545,-8.04701,-34.94520333333333
9549,-8.049823333333334,-34.94699
9552,-8.047086666666667,-34.95391
9553,-8.046626666666667,-34.945123333333335
9556,-8.047653333333335,-34.95094
9558,-8.050993333333333,-34.94656
9562,-8.046846666666665,-34.945166666666665
9564,-8.046616666666667,-34.945123333333335
9566,-8.046716666666667,-34.95058
9568,-8.047086666666665,-34.95391
9571,-8.046916666666666,-34.95059333333334
9575,-8.04712,-34.95061333333334
9582,-8.046533333333333,-34.94519333333333
9587,-8.053086666666665,-34.949463333333334
9590,-8.04647,-34.94537333333333
9591,-8.046466666666666,-34.945326666666666
9594,-8.04941,-34.94744
9601,-8.050196666666666,-34.94767
9602,-8.046470000000001,-34.94538
9603,-8.046533333333334,-34.94519333333333
9604,-8.046660000000001,-34.947736666666664
9605,-8.047256666666668,-34.94770666666667
9609,-8.046456666666666,-34.946216666666665
9613,-8.049619999999999,-34.94713333333333
9614,-8.046473333333333,-34.94527333333334
9615,-8.04651,-34.94520333333333
9616,-8.049796666666667,-34.95261
9621,-8.046636666666666,-34.948010000000004
9622,-8.046453333333334,-34.94806666666667
9627,-8.053456666666666,-34.94896666666667
9633,-8.046943333333333,-34.94757666666666
9635,-8.046439999999999,-34.9467
9637,-8.046439999999999,-34.9467
9638,-8.046439999999999,-34.9467
9640,-8.048496666666667,-34.95362
9641,-8.049076666666666,-34.95417
9643,-8.04792,-34.95256
9644,-8.04696,-34.95068333333334
9645,-8.0501,-34.95446333333334
9651,-8.046786666666668,-34.95061666666667
9653,-8.0469,-34.95026333333333
9664,-8.047373333333333,-34.95377333333333
9668,-8.048806666666666,-34.95283333333333
9672,-8.048313333333333,-34.95264333333333
9674,-8.046616666666665,-34.95198333333334
9675,-8.050040000000001,-34.954863333333336
9677,-8.048193333333332,-34.955373333333334
9678,-8.048173333333333,-34.95541
